Starting a Gradle Daemon, 1 stopped Daemon could not be reused, use --status for details

> Configure project :common
Fabric Loom: 1.16.3
The mixin annotation is no longer enabled by default, you should remove any loom.mixin configuration. If you wish to continue to use the mixin AP you can set useLegacyMixinAp = true.
Cannot remap method_24101 because it does not exist in any of the targets [net/minecraft/class_4725] or their parents.
Cannot remap field_29488 because it does not exist in any of the targets [net/minecraft/class_5944] or their parents.
Cannot remap field_4733 because it does not exist in any of the targets [net/minecraft/class_918] or their parents.
Cannot remap field_21471 because it does not exist in any of the targets [net/minecraft/class_4696] or their parents.
Cannot remap method_22918 because it does not exist in any of the targets [net/minecraft/class_4588] or their parents.
Cannot remap field_20898 because it does not exist in any of the targets [net/minecraft/class_4587] or their parents.
Cannot remap field_4733 because it does not exist in any of the targets [net/minecraft/class_918] or their parents.
Cannot remap method_23182 because it does not exist in any of the targets [net/minecraft/class_918] or their parents.
Cannot remap field_1476 because it does not exist in any of the targets [net/minecraft/class_276] or their parents.
Cannot remap field_5434 because it does not exist in any of the targets [net/minecraft/class_1097] or their parents.
Cannot remap field_5433 because it does not exist in any of the targets [net/minecraft/class_1097] or their parents.
Cannot remap method_4707 because it does not exist in any of the targets [net/minecraft/class_1097] or their parents.
Cannot remap method_17538 because it does not exist in any of the targets [net/minecraft/class_3928] or their parents.
Cannot remap recordRenderCall because it does not exist in any of the targets [com/mojang/blaze3d/systems/RenderSystem] or their parents.
Cannot remap field_34561 because it does not exist in any of the targets [net/minecraft/class_2841] or their parents.
Cannot remap field_27740 because it does not exist in any of the targets [net/minecraft/class_761] or their parents.
Cannot remap method_3251 because it does not exist in any of the targets [net/minecraft/class_761] or their parents.
Cannot remap method_3273 because it does not exist in any of the targets [net/minecraft/class_761] or their parents.
Cannot remap field_1565 because it does not exist in any of the targets [net/minecraft/class_287] or their parents.
Cannot remap field_4175 because it does not exist in any of the targets [net/minecraft/class_777] or their parents.
Cannot remap field_4174 because it does not exist in any of the targets [net/minecraft/class_777] or their parents.
Cannot remap field_4173 because it does not exist in any of the targets [net/minecraft/class_777] or their parents.
Cannot remap field_22441 because it does not exist in any of the targets [net/minecraft/class_777] or their parents.
Cannot remap method_35788 because it does not exist in any of the targets [net/minecraft/class_777] or their parents.
Cannot remap method_23842 because it does not exist in any of the targets [net/minecraft/class_1058] or their parents.

Cannot remap method_23179 because it does not exist in any of the targets [net/minecraft/class_918]
Cannot remap method_25298 because it does not exist in any of the targets [net/minecraft/class_332]
Cannot remap method_48465 because it does not exist in any of the targets [net/minecraft/class_332]
Cannot remap method_23182 because it does not exist in any of the targets [net/minecraft/class_918]
Cannot remap method_23182 because it does not exist in any of the targets [net/minecraft/class_918]
Cannot remap method_23182 because it does not exist in any of the targets [net/minecraft/class_918]
Cannot remap method_33437 because it does not exist in any of the targets [net/minecraft/class_1058]
Cannot remap method_22981 because it does not exist in any of the targets [net/minecraft/class_761]
Cannot remap method_3259 because it does not exist in any of the targets [net/minecraft/class_761]
Cannot remap method_23163 because it does not exist in any of the targets [net/minecraft/class_898]
Cannot remap field_28476 because it does not exist in any of the targets [net/minecraft/class_7764$class_5791] or their parents.
Cannot remap method_45811 because it does not exist in any of the targets [net/minecraft/class_7764] or their parents.
Cannot remap field_28475 because it does not exist in any of the targets [net/minecraft/class_7764$class_5791] or their parents.
Cannot remap field_28476 because it does not exist in any of the targets [net/minecraft/class_7764$class_5791] or their parents.
Cannot remap method_51795 because it does not exist in any of the targets [net/minecraft/class_918] or their parents.
Cannot remap lambda$init$2 because it does not exist in any of the targets [net/minecraft/class_429]
Cannot remap method_3257 because it does not exist in any of the targets [net/minecraft/class_761]
Cannot remap method_22594 because it does not exist in any of the targets [net/minecraft/class_276]
Cannot remap method_22714 because it does not exist in any of the targets [net/minecraft/class_761]
Cannot remap method_1839 because it does not exist in any of the targets [net/minecraft/class_340]
Cannot remap method_1835 because it does not exist in any of the targets [net/minecraft/class_340]
Cannot remap getRenderLayers because it does not exist in any of the targets [net/minecraft/class_4696]
Cannot remap method_23682 because it does not exist in any of the targets [net/minecraft/class_4696]
Cannot remap method_34588 because it does not exist in any of the targets [net/minecraft/class_5944]
Cannot remap method_34586 because it does not exist in any of the targets [net/minecraft/class_5944]
Cannot remap field_40546 because it does not exist in any of the targets [] or their parents.
Cannot remap field_40544 because it does not exist in any of the targets [] or their parents.
Cannot remap field_40545 because it does not exist in any of the targets [] or their parents.
Cannot remap method_3210 because it does not exist in any of the targets [net/minecraft/class_758]
Cannot remap iterateVisibleBlockEntities because it does not exist in any of the targets [net/minecraft/class_761]
Cannot remap method_23777 because it does not exist in any of the targets [net/minecraft/class_638]

> Configure project :common
:remapping sources

> Configure project :fabric
Fabric Loom: 1.16.3
The mixin annotation is no longer enabled by default, you should remove any loom.mixin configuration. If you wish to continue to use the mixin AP you can set useLegacyMixinAp = true.
:remapping sources

> Task :common:generateApiBuildConfigClasses SKIPPED
> Task :fabric:processResources
> Task :fabric:processIncludeJars
> Task :fabric:processTestResources NO-SOURCE
> Task :fabric:validateAccessWidener SKIPPED
> Task :common:compileApiJava FROM-CACHE
> Task :common:processApiResources NO-SOURCE
> Task :common:apiClasses UP-TO-DATE
> Task :common:generateHeadersBuildConfigClasses SKIPPED
> Task :common:compileHeadersJava FROM-CACHE
> Task :common:generateVendoredBuildConfigClasses SKIPPED
> Task :common:compileVendoredJava FROM-CACHE
> Task :common:generateBuildConfigClasses FROM-CACHE
> Task :common:processHeadersResources NO-SOURCE
> Task :common:headersClasses UP-TO-DATE
> Task :common:processVendoredResources NO-SOURCE
> Task :common:vendoredClasses UP-TO-DATE

> Task :common:compileJava
/app/common/src/main/java/net/irisshaders/iris/mixin/entity_render_context/MixinElytraLayer.java:24: error: Mixin has no targets
@Mixin(ElytraLayer.class)
^
/app/common/src/main/java/net/irisshaders/iris/mixin/entity_render_context/MixinHorseArmorLayer.java:18: error: Mixin has no targets
@Mixin(HorseArmorLayer.class)
^
/app/common/src/main/java/net/irisshaders/iris/mixin/MixinFogRenderer.java:19: error: Mixin has no targets
@Mixin(FogRenderer.class)
^
/app/common/src/main/java/net/irisshaders/iris/mixin/ProgramTypeAccessor.java:7: error: Mixin has no targets
@Mixin(Program.Type.class)
^
/app/common/src/main/java/net/irisshaders/iris/mixin/MixinGlStateManager_DepthColorOverride.java:13: error: Mixin has no targets
@Mixin(GlStateManager.class)
^
/app/common/src/main/java/net/irisshaders/iris/mixin/MixinGlStateManager_BlendOverride.java:10: error: Mixin has no targets
@Mixin(value = GlStateManager.class, remap = false)
^
/app/common/src/main/java/net/irisshaders/iris/mixin/statelisteners/BooleanStateAccessor.java:7: error: Mixin has no targets
@Mixin(GlStateManager.BooleanState.class)
^
/app/common/src/main/java/net/irisshaders/iris/mixin/statelisteners/MixinGlStateManager.java:11: error: Mixin has no targets
@Mixin(GlStateManager.class)
^
/app/common/src/main/java/net/irisshaders/iris/mixin/MixinRenderType.java:10: error: Mixin has no targets
@Mixin(RenderType.class)
^
/app/common/src/main/java/net/irisshaders/iris/mixin/texture/MixinResourceLocation.java:9: error: Mixin has no targets
@Mixin(value = ResourceLocation.class, priority = 1010)
^
/app/common/src/main/java/net/irisshaders/iris/mixin/texture/MixinGlStateManager.java:16: error: Mixin has no targets
@Mixin(GlStateManager.class)
^
/app/common/src/main/java/net/irisshaders/iris/mixin/texture/SpriteContentsTickerAccessor.java:8: error: Mixin has no targets
@Mixin(SpriteContents.Ticker.class)
^
/app/common/src/main/java/net/irisshaders/iris/mixin/MixinProgram.java:18: error: Mixin has no targets
@Mixin(Program.class)
^
/app/common/src/main/java/net/irisshaders/iris/mixin/rendertype/RenderStateShardAccessor.java:7: error: Mixin has no targets
@Mixin(RenderStateShard.class)
^
/app/common/src/main/java/net/irisshaders/iris/mixin/rendertype/RenderTypeAccessor.java:7: error: Mixin has no targets
@Mixin(RenderType.class)
^
/app/common/src/main/java/net/irisshaders/iris/mixin/MixinShaderInstance.java:44: error: Mixin has no targets
@Mixin(ShaderInstance.class)
^
/app/common/src/main/java/net/irisshaders/iris/mixin/MixinVertexBuffer.java:12: error: Mixin has no targets
@Mixin(VertexBuffer.class)
^
/app/common/src/main/java/net/irisshaders/iris/mixin/MixinBooleanState.java:14: error: Mixin has no targets
@Mixin(GlStateManager.BooleanState.class)
^
/app/common/src/main/java/net/irisshaders/iris/mixin/MixinGlStateManager_FramebufferBinding.java:16: error: Mixin has no targets
@Mixin(GlStateManager.class)
^
/app/common/src/main/java/net/irisshaders/iris/mixin/MixinProgramType.java:13: error: Mixin has no targets
@Mixin(Program.Type.class)
^
/app/common/src/main/java/net/irisshaders/iris/mixin/sky/MixinDimensionSpecialEffects.java:19: error: Mixin has no targets
@Mixin(DimensionSpecialEffects.class)
^
/app/common/src/main/java/net/irisshaders/iris/mixin/MixinUniform.java:15: error: Mixin has no targets
@Mixin(Uniform.class)
^
/app/common/src/main/java/net/irisshaders/iris/mixin/MixinProgramManager.java:11: error: Mixin has no targets
@Mixin(ProgramManager.class)
^
/app/common/src/main/java/net/irisshaders/iris/mixin/GlStateManagerAccessor.java:7: error: Mixin has no targets
@Mixin(value = GlStateManager.class, remap = false)
^
/app/common/src/main/java/net/irisshaders/batchedentityrendering/mixin/CompositeStateAccessor.java:8: error: Mixin has no targets
@Mixin(RenderType.CompositeState.class)
^
/app/common/src/main/java/net/irisshaders/batchedentityrendering/mixin/MixinCompositeRenderType.java:14: error: Mixin has no targets
@Mixin(RenderType.CompositeRenderType.class)
^
/app/common/src/main/java/net/irisshaders/batchedentityrendering/mixin/MixinRenderType.java:9: error: Mixin has no targets
@Mixin(RenderType.class)
^
/app/common/src/main/java/net/irisshaders/batchedentityrendering/mixin/RenderStateShardAccessor.java:7: error: Mixin has no targets
@Mixin(RenderStateShard.class)
^
/app/common/src/main/java/net/irisshaders/batchedentityrendering/mixin/RenderTypeAccessor.java:7: error: Mixin has no targets
@Mixin(RenderType.class)
^
/app/common/src/main/java/net/irisshaders/iris/mixin/entity_render_context/MixinItemRenderer.java:27: warning: Unable to determine descriptor for @Inject target method
	@Inject(method = "render", at = @At(value = "HEAD"))
	^
/app/common/src/main/java/net/irisshaders/iris/mixin/entity_render_context/MixinItemRenderer.java:50: warning: Unable to determine descriptor for @Inject target method
	@Inject(method = "render", at = @At(value = "RETURN"))
	^
/app/common/src/main/java/net/irisshaders/iris/mixin/entity_render_context/MixinCapeLayer.java:21: warning: Cannot find target method "render(Lcom/mojang/blaze3d/vertex/PoseStack;Lnet/minecraft/client/renderer/MultiBufferSource;ILnet/minecraft/client/player/AbstractClientPlayer;FFFFFF)V" for @Inject.method="render(Lcom/mojang/blaze3d/vertex/PoseStack;Lnet/minecraft/client/renderer/MultiBufferSource;ILnet/minecraft/client/player/AbstractClientPlayer;FFFFFF)V" in net.minecraft.client.renderer.entity.layers.CapeLayer
	@Inject(method = "render(Lcom/mojang/blaze3d/vertex/PoseStack;Lnet/minecraft/client/renderer/MultiBufferSource;ILnet/minecraft/client/player/AbstractClientPlayer;FFFFFF)V", at = @At(value = "INVOKE", target = "Lcom/mojang/blaze3d/vertex/PoseStack;pushPose()V"))
	^
/app/common/src/main/java/net/irisshaders/iris/mixin/entity_render_context/MixinCapeLayer.java:28: warning: Cannot find target method "render(Lcom/mojang/blaze3d/vertex/PoseStack;Lnet/minecraft/client/renderer/MultiBufferSource;ILnet/minecraft/client/player/AbstractClientPlayer;FFFFFF)V" for @Inject.method="render(Lcom/mojang/blaze3d/vertex/PoseStack;Lnet/minecraft/client/renderer/MultiBufferSource;ILnet/minecraft/client/player/AbstractClientPlayer;FFFFFF)V" in net.minecraft.client.renderer.entity.layers.CapeLayer
	@Inject(method = "render(Lcom/mojang/blaze3d/vertex/PoseStack;Lnet/minecraft/client/renderer/MultiBufferSource;ILnet/minecraft/client/player/AbstractClientPlayer;FFFFFF)V", at = @At(value = "RETURN"))
	^
/app/common/src/main/java/net/irisshaders/iris/mixin/entity_render_context/MixinHumanoidArmorLayer.java:36: warning: Cannot find target method "renderArmorPiece(Lcom/mojang/blaze3d/vertex/PoseStack;Lnet/minecraft/client/renderer/MultiBufferSource;Lnet/minecraft/world/entity/LivingEntity;Lnet/minecraft/world/entity/EquipmentSlot;ILnet/minecraft/client/model/HumanoidModel;)V" for @Inject.method="Lnet/minecraft/client/renderer/entity/layers/HumanoidArmorLayer;renderArmorPiece(Lcom/mojang/blaze3d/vertex/PoseStack;Lnet/minecraft/client/renderer/MultiBufferSource;Lnet/minecraft/world/entity/LivingEntity;Lnet/minecraft/world/entity/EquipmentSlot;ILnet/minecraft/client/model/HumanoidModel;)V" in net.minecraft.client.renderer.entity.layers.HumanoidArmorLayer
	@Inject(method = "Lnet/minecraft/client/renderer/entity/layers/HumanoidArmorLayer;renderArmorPiece(Lcom/mojang/blaze3d/vertex/PoseStack;Lnet/minecraft/client/renderer/MultiBufferSource;Lnet/minecraft/world/entity/LivingEntity;Lnet/minecraft/world/entity/EquipmentSlot;ILnet/minecraft/client/model/HumanoidModel;)V", require = 0, at = @At(value = "INVOKE", target = "Lnet/minecraft/client/model/HumanoidModel;copyPropertiesTo(Lnet/minecraft/client/model/HumanoidModel;)V"))
	^
/app/common/src/main/java/net/irisshaders/iris/mixin/entity_render_context/MixinHumanoidArmorLayer.java:45: warning: Cannot find target method "renderTrim(Lnet/minecraft/core/Holder;Lcom/mojang/blaze3d/vertex/PoseStack;Lnet/minecraft/client/renderer/MultiBufferSource;ILnet/minecraft/world/item/armortrim/ArmorTrim;Lnet/minecraft/client/model/HumanoidModel;Z)V" for @Inject.method="renderTrim(Lnet/minecraft/core/Holder;Lcom/mojang/blaze3d/vertex/PoseStack;Lnet/minecraft/client/renderer/MultiBufferSource;ILnet/minecraft/world/item/armortrim/ArmorTrim;Lnet/minecraft/client/model/HumanoidModel;Z)V" in net.minecraft.client.renderer.entity.layers.HumanoidArmorLayer
	@Inject(method = "renderTrim(Lnet/minecraft/core/Holder;Lcom/mojang/blaze3d/vertex/PoseStack;Lnet/minecraft/client/renderer/MultiBufferSource;ILnet/minecraft/world/item/armortrim/ArmorTrim;Lnet/minecraft/client/model/HumanoidModel;Z)V", at = @At(value = "HEAD"))
	^
/app/common/src/main/java/net/irisshaders/iris/mixin/entity_render_context/MixinHumanoidArmorLayer.java:52: warning: Cannot find target method "renderTrim(Lnet/minecraft/core/Holder;Lcom/mojang/blaze3d/vertex/PoseStack;Lnet/minecraft/client/renderer/MultiBufferSource;ILnet/minecraft/world/item/armortrim/ArmorTrim;Lnet/minecraft/client/model/HumanoidModel;Z)V" for @Inject.method="renderTrim(Lnet/minecraft/core/Holder;Lcom/mojang/blaze3d/vertex/PoseStack;Lnet/minecraft/client/renderer/MultiBufferSource;ILnet/minecraft/world/item/armortrim/ArmorTrim;Lnet/minecraft/client/model/HumanoidModel;Z)V" in net.minecraft.client.renderer.entity.layers.HumanoidArmorLayer
	@Inject(method = "renderTrim(Lnet/minecraft/core/Holder;Lcom/mojang/blaze3d/vertex/PoseStack;Lnet/minecraft/client/renderer/MultiBufferSource;ILnet/minecraft/world/item/armortrim/ArmorTrim;Lnet/minecraft/client/model/HumanoidModel;Z)V", at = @At(value = "TAIL"))
	^
/app/common/src/main/java/net/irisshaders/iris/mixin/entity_render_context/MixinEntityRenderDispatcher.java:84: warning: Unable to determine descriptor for @Inject target method
	@Inject(method = "render", at = @At(value = "INVOKE", target = "Lcom/mojang/blaze3d/vertex/PoseStack;popPose()V"))
	^
/app/common/src/main/java/net/irisshaders/iris/mixin/entity_render_context/MixinEnderDragonRenderer.java:22: warning: Unable to determine descriptor for @Inject target method
	@Inject(method = "renderCrystalBeams", at = @At(value = "INVOKE", target = "Lcom/mojang/blaze3d/vertex/PoseStack;pushPose()V"))
	^
/app/common/src/main/java/net/irisshaders/iris/mixin/entity_render_context/MixinEnderDragonRenderer.java:30: warning: Unable to determine descriptor for @Inject target method
	@Inject(method = "renderCrystalBeams", at = @At(value = "RETURN"))
	^
/app/common/src/main/java/net/irisshaders/iris/mixin/entity_render_context/MixinBlockEntityRenderDispatcher.java:61: warning: Unable to determine descriptor for @Inject target method
	@Inject(method = "render", at = @At(value = "INVOKE", target = RUN_REPORTED, shift = At.Shift.AFTER))
	^
/app/common/src/main/java/net/irisshaders/iris/mixin/entity_render_context/MixinEntityRenderer.java:26: warning: Unable to determine descriptor for @Inject target method
	@Inject(method = "renderNameTag", at = @At(value = "INVOKE", target = "Lnet/minecraft/world/entity/Entity;getViewYRot(F)F"))
	^
/app/common/src/main/java/net/irisshaders/iris/mixin/entity_render_context/MixinEntityRenderer.java:41: warning: Unable to determine descriptor for @Inject target method
	@Inject(method = "renderNameTag", at = @At("RETURN"))
	^
/app/common/src/main/java/net/irisshaders/iris/mixin/MixinTheEndPortalRenderer.java:41: warning: Cannot find target method "render(Lnet/minecraft/world/level/block/entity/TheEndPortalBlockEntity;FLcom/mojang/blaze3d/vertex/PoseStack;Lnet/minecraft/client/renderer/MultiBufferSource;II)V" for @Inject.method="render(Lnet/minecraft/world/level/block/entity/TheEndPortalBlockEntity;FLcom/mojang/blaze3d/vertex/PoseStack;Lnet/minecraft/client/renderer/MultiBufferSource;II)V" in net.minecraft.client.renderer.blockentity.TheEndPortalRenderer
	@Inject(method = "render(Lnet/minecraft/world/level/block/entity/TheEndPortalBlockEntity;FLcom/mojang/blaze3d/vertex/PoseStack;Lnet/minecraft/client/renderer/MultiBufferSource;II)V", at = @At("HEAD"), cancellable = true)
	^
/app/common/src/main/java/net/irisshaders/iris/mixin/MixinWindow.java:17: warning: Unable to locate method mapping for @At(INVOKE.<target>) 'Lorg/lwjgl/glfw/GLFW;glfwDefaultWindowHints()V'
	@Inject(method = "<init>", at = @At(value = "INVOKE", target = "Lorg/lwjgl/glfw/GLFW;glfwDefaultWindowHints()V", shift = At.Shift.AFTER))
	^
/app/common/src/main/java/net/irisshaders/iris/mixin/MixinRenderSystem.java:28: warning: Cannot find target method "_setShaderTexture(ILnet/minecraft/resources/ResourceLocation;)V" for @Inject.method="_setShaderTexture(ILnet/minecraft/resources/ResourceLocation;)V" in com.mojang.blaze3d.systems.RenderSystem
	@Inject(method = "_setShaderTexture(ILnet/minecraft/resources/ResourceLocation;)V", at = @At(value = "INVOKE", target = "Lnet/minecraft/client/renderer/texture/AbstractTexture;getId()I", shift = At.Shift.AFTER))
	^
/app/common/src/main/java/net/irisshaders/iris/mixin/MixinRenderSystem.java:33: warning: Cannot find target method "_setShaderTexture(II)V" for @Inject.method="_setShaderTexture(II)V" in com.mojang.blaze3d.systems.RenderSystem
	@Inject(method = "_setShaderTexture(II)V", at = @At("RETURN"), remap = false)
	^
/app/common/src/main/java/net/irisshaders/iris/mixin/MixinParticleEngine.java:18: warning: Unable to determine descriptor for @Inject target method
	@Inject(method = "render", at = @At("HEAD"))
	^
/app/common/src/main/java/net/irisshaders/iris/mixin/MixinParticleEngine.java:23: warning: Unable to determine descriptor for @Inject target method
	@Inject(method = "render", at = @At("RETURN"))
	^
/app/common/src/main/java/net/irisshaders/iris/mixin/MixinDebugScreenOverlay.java:63: warning: Unable to determine descriptor for @Inject target method
	@Inject(method = "getSystemInformation", at = @At("RETURN"))
	^
/app/common/src/main/java/net/irisshaders/iris/mixin/MixinDebugScreenOverlay.java:86: warning: Unable to determine descriptor for @Inject target method
	@Inject(method = "getGameInformation", at = @At("RETURN"))
	^
/app/common/src/main/java/net/irisshaders/iris/mixin/fantastic/MixinStationaryItemParticle.java:30: warning: Unable to determine descriptor for @Inject target method
	@Inject(method = "getRenderType", at = @At("HEAD"), cancellable = true)
	^
/app/common/src/main/java/net/irisshaders/iris/mixin/fantastic/MixinTerrainParticle.java:31: warning: Unable to determine descriptor for @Inject target method
	@Inject(method = "getRenderType", at = @At("HEAD"), cancellable = true)
	^
/app/common/src/main/java/net/irisshaders/iris/mixin/shadows/MixinBeaconRenderer.java:15: warning: Cannot find target method "renderBeaconBeam(Lcom/mojang/blaze3d/vertex/PoseStack;Lnet/minecraft/client/renderer/MultiBufferSource;Lnet/minecraft/resources/ResourceLocation;FFJIIIFF)V" for @Inject.method="renderBeaconBeam(Lcom/mojang/blaze3d/vertex/PoseStack;Lnet/minecraft/client/renderer/MultiBufferSource;Lnet/minecraft/resources/ResourceLocation;FFJIIIFF)V" in net.minecraft.client.renderer.blockentity.BeaconRenderer
	@Inject(method = "renderBeaconBeam(Lcom/mojang/blaze3d/vertex/PoseStack;Lnet/minecraft/client/renderer/MultiBufferSource;Lnet/minecraft/resources/ResourceLocation;FFJIIIFF)V",
	^
/app/common/src/main/java/net/irisshaders/iris/mixin/shadows/MixinPreventRebuildNearInShadowPass.java:33: warning: Unable to determine descriptor for @Inject target method
	@Inject(method = "setupRender",
	^
/app/common/src/main/java/net/irisshaders/iris/mixin/texture/MixinSpriteContents.java:39: warning: Cannot find target method "createTicker()Lnet/minecraft/client/renderer/texture/SpriteTicker;" for @Inject.method="createTicker()Lnet/minecraft/client/renderer/texture/SpriteTicker;" in net.minecraft.client.renderer.texture.SpriteContents
	@Inject(method = "createTicker()Lnet/minecraft/client/renderer/texture/SpriteTicker;", at = @At("RETURN"))
	^
/app/common/src/main/java/net/irisshaders/iris/mixin/texture/MixinTextureManager.java:19: warning: Unable to determine descriptor for @Inject target method
	@Inject(method = {
	^
/app/common/src/main/java/net/irisshaders/iris/mixin/texture/MixinTextureManager.java:19: warning: Unable to determine descriptor for @Inject target method
	@Inject(method = {
	^
/app/common/src/main/java/net/irisshaders/iris/mixin/texture/MixinTextureManager.java:28: warning: Cannot find target method "_dumpAllSheets(Ljava/nio/file/Path;)V" for @Inject.method="_dumpAllSheets(Ljava/nio/file/Path;)V" in net.minecraft.client.renderer.texture.TextureManager
	@Inject(method = "_dumpAllSheets(Ljava/nio/file/Path;)V", at = @At("RETURN"))
	^
/app/common/src/main/java/net/irisshaders/iris/mixin/MixinLevelRenderer_Sky.java:44: warning: Unable to determine descriptor for @Inject target method
	@Inject(method = "renderSky", at = @At("HEAD"), cancellable = true)
	^
/app/common/src/main/java/net/irisshaders/iris/mixin/MixinGameRenderer.java:44: warning: Unable to determine descriptor for @Inject target method
	@Inject(method = "getPositionShader", at = @At("HEAD"), cancellable = true)
	^
/app/common/src/main/java/net/irisshaders/iris/mixin/MixinGameRenderer.java:55: warning: Unable to determine descriptor for @Inject target method
	@Inject(method = "getPositionColorShader", at = @At("HEAD"), cancellable = true)
	^
/app/common/src/main/java/net/irisshaders/iris/mixin/MixinGameRenderer.java:66: warning: Unable to determine descriptor for @Inject target method
	@Inject(method = "getPositionTexShader", at = @At("HEAD"), cancellable = true)
	^
/app/common/src/main/java/net/irisshaders/iris/mixin/MixinGameRenderer.java:77: warning: Unable to determine descriptor for @Inject target method
	@Inject(method = {"getPositionTexColorShader"}, at = @At("HEAD"), cancellable = true)
	^
/app/common/src/main/java/net/irisshaders/iris/mixin/MixinGameRenderer.java:90: warning: Unable to determine descriptor for @Inject target method
	@Inject(method = {
	^
/app/common/src/main/java/net/irisshaders/iris/mixin/MixinGameRenderer.java:103: warning: Unable to determine descriptor for @Inject target method
	@Inject(method = "getRendertypeCloudsShader", at = @At("HEAD"), cancellable = true)
	^
/app/common/src/main/java/net/irisshaders/iris/mixin/MixinGameRenderer.java:112: warning: Unable to determine descriptor for @Inject target method
	@Inject(method = "getRendertypeSolidShader", at = @At("HEAD"), cancellable = true)
	^
/app/common/src/main/java/net/irisshaders/iris/mixin/MixinGameRenderer.java:124: warning: Unable to determine descriptor for @Inject target method
	@Inject(method = {
	^
/app/common/src/main/java/net/irisshaders/iris/mixin/MixinGameRenderer.java:124: warning: Unable to determine descriptor for @Inject target method
	@Inject(method = {
	^
/app/common/src/main/java/net/irisshaders/iris/mixin/MixinGameRenderer.java:138: warning: Unable to determine descriptor for @Inject target method
	@Inject(method = {
	^
/app/common/src/main/java/net/irisshaders/iris/mixin/MixinGameRenderer.java:138: warning: Unable to determine descriptor for @Inject target method
	@Inject(method = {
	^
/app/common/src/main/java/net/irisshaders/iris/mixin/MixinGameRenderer.java:138: warning: Unable to determine descriptor for @Inject target method
	@Inject(method = {
	^
/app/common/src/main/java/net/irisshaders/iris/mixin/MixinGameRenderer.java:155: warning: Unable to determine descriptor for @Inject target method
	@Inject(method = {
	^
/app/common/src/main/java/net/irisshaders/iris/mixin/MixinGameRenderer.java:155: warning: Unable to determine descriptor for @Inject target method
	@Inject(method = {
	^
/app/common/src/main/java/net/irisshaders/iris/mixin/MixinGameRenderer.java:155: warning: Unable to determine descriptor for @Inject target method
	@Inject(method = {
	^
/app/common/src/main/java/net/irisshaders/iris/mixin/MixinGameRenderer.java:155: warning: Unable to determine descriptor for @Inject target method
	@Inject(method = {
	^
/app/common/src/main/java/net/irisshaders/iris/mixin/MixinGameRenderer.java:155: warning: Unable to determine descriptor for @Inject target method
	@Inject(method = {
	^
/app/common/src/main/java/net/irisshaders/iris/mixin/MixinGameRenderer.java:155: warning: Unable to determine descriptor for @Inject target method
	@Inject(method = {
	^
/app/common/src/main/java/net/irisshaders/iris/mixin/MixinGameRenderer.java:181: warning: Unable to determine descriptor for @Inject target method
	@Inject(method = {
	^
/app/common/src/main/java/net/irisshaders/iris/mixin/MixinGameRenderer.java:181: warning: Unable to determine descriptor for @Inject target method
	@Inject(method = {
	^
/app/common/src/main/java/net/irisshaders/iris/mixin/MixinGameRenderer.java:181: warning: Unable to determine descriptor for @Inject target method
	@Inject(method = {
	^
/app/common/src/main/java/net/irisshaders/iris/mixin/MixinGameRenderer.java:181: warning: Unable to determine descriptor for @Inject target method
	@Inject(method = {
	^
/app/common/src/main/java/net/irisshaders/iris/mixin/MixinGameRenderer.java:181: warning: Unable to determine descriptor for @Inject target method
	@Inject(method = {
	^
/app/common/src/main/java/net/irisshaders/iris/mixin/MixinGameRenderer.java:204: warning: Unable to determine descriptor for @Inject target method
	@Inject(method = {
	^
/app/common/src/main/java/net/irisshaders/iris/mixin/MixinGameRenderer.java:204: warning: Unable to determine descriptor for @Inject target method
	@Inject(method = {
	^
/app/common/src/main/java/net/irisshaders/iris/mixin/MixinGameRenderer.java:220: warning: Unable to determine descriptor for @Inject target method
	@Inject(method = {
	^
/app/common/src/main/java/net/irisshaders/iris/mixin/MixinGameRenderer.java:220: warning: Unable to determine descriptor for @Inject target method
	@Inject(method = {
	^
/app/common/src/main/java/net/irisshaders/iris/mixin/MixinGameRenderer.java:220: warning: Unable to determine descriptor for @Inject target method
	@Inject(method = {
	^
/app/common/src/main/java/net/irisshaders/iris/mixin/MixinGameRenderer.java:220: warning: Unable to determine descriptor for @Inject target method
	@Inject(method = {
	^
/app/common/src/main/java/net/irisshaders/iris/mixin/MixinGameRenderer.java:220: warning: Unable to determine descriptor for @Inject target method
	@Inject(method = {
	^
/app/common/src/main/java/net/irisshaders/iris/mixin/MixinGameRenderer.java:220: warning: Unable to determine descriptor for @Inject target method
	@Inject(method = {
	^
/app/common/src/main/java/net/irisshaders/iris/mixin/MixinGameRenderer.java:220: warning: Unable to determine descriptor for @Inject target method
	@Inject(method = {
	^
/app/common/src/main/java/net/irisshaders/iris/mixin/MixinGameRenderer.java:235: warning: Unable to determine descriptor for @Inject target method
	@Inject(method = {
	^
/app/common/src/main/java/net/irisshaders/iris/mixin/MixinGameRenderer.java:254: warning: Unable to determine descriptor for @Inject target method
	@Inject(method = {
	^
/app/common/src/main/java/net/irisshaders/iris/mixin/MixinGameRenderer.java:269: warning: Unable to determine descriptor for @Inject target method
	@Inject(method = "getRendertypeBeaconBeamShader", at = @At("HEAD"), cancellable = true)
	^
/app/common/src/main/java/net/irisshaders/iris/mixin/MixinGameRenderer.java:278: warning: Unable to determine descriptor for @Inject target method
	@Inject(method = "getRendertypeEntityAlphaShader", at = @At("HEAD"), cancellable = true)
	^
/app/common/src/main/java/net/irisshaders/iris/mixin/MixinGameRenderer.java:285: warning: Unable to determine descriptor for @Inject target method
	@Inject(method = {
	^
/app/common/src/main/java/net/irisshaders/iris/mixin/MixinGameRenderer.java:298: warning: Unable to determine descriptor for @Inject target method
	@Inject(method = {
	^
/app/common/src/main/java/net/irisshaders/iris/mixin/MixinGameRenderer.java:315: warning: Unable to determine descriptor for @Inject target method
	@Inject(method = {
	^
/app/common/src/main/java/net/irisshaders/iris/mixin/MixinGameRenderer.java:326: warning: Unable to determine descriptor for @Inject target method
	@Inject(method = {
	^
/app/common/src/main/java/net/irisshaders/iris/mixin/MixinGameRenderer.java:338: warning: Unable to determine descriptor for @Inject target method
	@Inject(method = {
	^
/app/common/src/main/java/net/irisshaders/iris/mixin/MixinGameRenderer.java:347: warning: Unable to determine descriptor for @Inject target method
	@Inject(method = {
	^
/app/common/src/main/java/net/irisshaders/iris/mixin/MixinGameRenderer.java:347: warning: Unable to determine descriptor for @Inject target method
	@Inject(method = {
	^
/app/common/src/main/java/net/irisshaders/iris/mixin/MixinGameRenderer.java:347: warning: Unable to determine descriptor for @Inject target method
	@Inject(method = {
	^
/app/common/src/main/java/net/irisshaders/iris/mixin/MixinGameRenderer.java:364: warning: Unable to determine descriptor for @Inject target method
	@Inject(method = {
	^
/app/common/src/main/java/net/irisshaders/iris/mixin/MixinGameRenderer.java:364: warning: Unable to determine descriptor for @Inject target method
	@Inject(method = {
	^
/app/common/src/main/java/net/irisshaders/iris/mixin/MixinGameRenderer.java:376: warning: Unable to determine descriptor for @Inject target method
	@Inject(method = {
	^
/app/common/src/main/java/net/irisshaders/iris/mixin/MixinGameRenderer.java:376: warning: Unable to determine descriptor for @Inject target method
	@Inject(method = {
	^
/app/common/src/main/java/net/irisshaders/iris/mixin/MixinGameRenderer.java:392: warning: Unable to determine descriptor for @Inject target method
	@Inject(method = {
	^
/app/common/src/main/java/net/irisshaders/iris/mixin/MixinBiomeAmbientSoundsHandler.java:29: warning: Unable to determine descriptor for @Inject target method
	@Inject(method = {
	^
/app/common/src/main/java/net/irisshaders/iris/mixin/MixinBiomeAmbientSoundsHandler.java:29: warning: Unable to determine descriptor for @Inject target method
	@Inject(method = {
	^
/app/common/src/main/java/net/irisshaders/iris/mixin/MixinLevelRenderer.java:176: warning: Unable to determine descriptor for @Inject target method
	@Inject(method = "renderSky",
	^
/app/common/src/main/java/net/irisshaders/iris/mixin/MixinLevelRenderer.java:176: warning: Unable to locate method mapping for @At(INVOKE.<target>) 'Lnet/minecraft/client/renderer/FogRenderer;levelFogColor()V'
	@Inject(method = "renderSky",
	^
/app/common/src/main/java/net/irisshaders/iris/mixin/MixinLevelRenderer.java:184: warning: Unable to determine descriptor for @Inject target method
	@Inject(method = "renderSky", at = @At(value = "FIELD", target = "Lnet/minecraft/client/renderer/LevelRenderer;SUN_LOCATION:Lnet/minecraft/resources/ResourceLocation;"))
	^
/app/common/src/main/java/net/irisshaders/iris/mixin/MixinLevelRenderer.java:189: warning: Unable to determine descriptor for @Inject target method
	@Inject(method = "renderSky", at = @At(value = "INVOKE", target = "Lnet/minecraft/client/renderer/DimensionSpecialEffects;getSunriseColor(FF)[F"))
	^
/app/common/src/main/java/net/irisshaders/iris/mixin/MixinLevelRenderer.java:189: warning: Unable to locate method mapping for @At(INVOKE.<target>) 'Lnet/minecraft/client/renderer/DimensionSpecialEffects;getSunriseColor(FF)[F'
	@Inject(method = "renderSky", at = @At(value = "INVOKE", target = "Lnet/minecraft/client/renderer/DimensionSpecialEffects;getSunriseColor(FF)[F"))
	^
/app/common/src/main/java/net/irisshaders/iris/mixin/MixinLevelRenderer.java:194: warning: Unable to determine descriptor for @Inject target method
	@Inject(method = "renderSky", at = @At(value = "FIELD", target = "Lnet/minecraft/client/renderer/LevelRenderer;MOON_LOCATION:Lnet/minecraft/resources/ResourceLocation;"))
	^
/app/common/src/main/java/net/irisshaders/iris/mixin/MixinLevelRenderer.java:199: warning: Unable to determine descriptor for @Inject target method
	@Inject(method = "renderSky", at = @At(value = "INVOKE", target = "Lnet/minecraft/client/multiplayer/ClientLevel;getStarBrightness(F)F"))
	^
/app/common/src/main/java/net/irisshaders/iris/mixin/MixinLevelRenderer.java:204: warning: Unable to determine descriptor for @Inject target method
	@Inject(method = "renderSky", at = @At(value = "INVOKE", target = "Lnet/minecraft/client/player/LocalPlayer;getEyePosition(F)Lnet/minecraft/world/phys/Vec3;"))
	^
/app/common/src/main/java/net/irisshaders/iris/mixin/MixinLevelRenderer.java:209: warning: Unable to determine descriptor for @Inject target method
	@Inject(method = "renderSky", at = @At(value = "INVOKE", target = "Lnet/minecraft/client/multiplayer/ClientLevel;getTimeOfDay(F)F"),
	^
/app/common/src/main/java/net/irisshaders/iris/mixin/MixinLevelRenderer.java:231: warning: Unable to determine descriptor for @Inject target method
	@Inject(method = "renderSectionLayer", at = @At("HEAD"))
	^
/app/common/src/main/java/net/irisshaders/iris/mixin/MixinLevelRenderer.java:236: warning: Unable to determine descriptor for @Inject target method
	@Inject(method = "renderSectionLayer", at = @At("RETURN"))
	^
/app/common/src/main/java/net/irisshaders/iris/mixin/vertices/immediate/MixinBufferSource.java:34: warning: Cannot find target method "endBatch(Lnet/minecraft/client/renderer/RenderType;Lcom/mojang/blaze3d/vertex/BufferBuilder;)V" for @Inject.method="endBatch(Lnet/minecraft/client/renderer/RenderType;Lcom/mojang/blaze3d/vertex/BufferBuilder;)V" in net.minecraft.client.renderer.MultiBufferSource$BufferSource
	@Inject(method = "endBatch(Lnet/minecraft/client/renderer/RenderType;Lcom/mojang/blaze3d/vertex/BufferBuilder;)V",
	^
/app/common/src/main/java/net/irisshaders/iris/mixin/vertices/immediate/MixinBufferSource.java:43: warning: Cannot find target method "endBatch(Lnet/minecraft/client/renderer/RenderType;Lcom/mojang/blaze3d/vertex/BufferBuilder;)V" for @Inject.method="endBatch(Lnet/minecraft/client/renderer/RenderType;Lcom/mojang/blaze3d/vertex/BufferBuilder;)V" in net.minecraft.client.renderer.MultiBufferSource$BufferSource
	@Inject(method = "endBatch(Lnet/minecraft/client/renderer/RenderType;Lcom/mojang/blaze3d/vertex/BufferBuilder;)V",
	^
/app/common/src/main/java/net/irisshaders/iris/mixin/vertices/MixinVertexFormat.java:18: warning: Unable to determine descriptor for @Inject target method
	@Inject(method = "setupBufferState", at = @At("HEAD"), cancellable = true)
	^
/app/common/src/main/java/net/irisshaders/iris/mixin/vertices/MixinVertexFormat.java:37: warning: Unable to determine descriptor for @Inject target method
	@Inject(method = "clearBufferState", at = @At("HEAD"), cancellable = true)
	^
/app/common/src/main/java/net/irisshaders/iris/mixin/vertices/MixinVertexFormatElement.java:14: error: Unable to locate obfuscation mapping for @Inject target supportsUsage
	@Inject(method = "supportsUsage", at = @At("HEAD"), cancellable = true)
	^
/app/common/src/main/java/net/irisshaders/iris/mixin/MixinEntityRenderDispatcher.java:43: warning: Cannot find target method "renderShadow(Lcom/mojang/blaze3d/vertex/PoseStack;Lnet/minecraft/client/renderer/MultiBufferSource;Lnet/minecraft/world/entity/Entity;FFLnet/minecraft/world/level/LevelReader;F)V" for @Inject.method="renderShadow(Lcom/mojang/blaze3d/vertex/PoseStack;Lnet/minecraft/client/renderer/MultiBufferSource;Lnet/minecraft/world/entity/Entity;FFLnet/minecraft/world/level/LevelReader;F)V" in net.minecraft.client.renderer.entity.EntityRenderDispatcher
	@Inject(method = RENDER_SHADOW, at = @At("HEAD"), cancellable = true)
	^
/app/common/src/main/java/net/irisshaders/iris/mixin/MixinEntityRenderDispatcher.java:59: warning: Unable to determine descriptor for @Inject target method
	@Inject(method = "renderShadow", at = @At("RETURN"))
	^
/app/common/src/main/java/net/irisshaders/iris/mixin/MixinEntityRenderDispatcher.java:66: warning: Unable to determine descriptor for @Inject target method
	@Inject(method = "renderBlockShadow", at = @At("HEAD"), cancellable = true)
	^
/app/common/src/main/java/net/irisshaders/iris/mixin/MixinEntityRenderDispatcher.java:94: warning: Unable to determine descriptor for @Inject target method
	@Inject(method = "renderFlame", at = @At("HEAD"))
	^
/app/common/src/main/java/net/irisshaders/iris/mixin/LevelRendererAccessor.java:45: error: Could not locate @Accessor target generateClouds in target net.minecraft.client.renderer.LevelRenderer
	@Accessor("generateClouds")
	^
/app/common/src/main/java/net/irisshaders/iris/mixin/LevelRendererAccessor.java:48: error: Could not locate @Accessor target generateClouds in target net.minecraft.client.renderer.LevelRenderer
	@Accessor("generateClouds")
	^
/app/common/src/main/java/net/irisshaders/iris/mixin/texture/TextureAtlasAccessor.java:17: error: Could not locate @Accessor target mipLevel in target net.minecraft.client.renderer.texture.TextureAtlas
	@Accessor("mipLevel")
	^
/app/common/src/main/java/net/irisshaders/iris/mixin/texture/AnimationMetadataSectionAccessor.java:10: error: Could not locate @Accessor target frameWidth in target net.minecraft.client.resources.metadata.animation.AnimationMetadataSection
	@Accessor("frameWidth")
	^
/app/common/src/main/java/net/irisshaders/iris/mixin/texture/AnimationMetadataSectionAccessor.java:14: error: Could not locate @Accessor target frameWidth in target net.minecraft.client.resources.metadata.animation.AnimationMetadataSection
	@Accessor("frameWidth")
	^
/app/common/src/main/java/net/irisshaders/iris/mixin/texture/AnimationMetadataSectionAccessor.java:17: error: Could not locate @Accessor target frameHeight in target net.minecraft.client.resources.metadata.animation.AnimationMetadataSection
	@Accessor("frameHeight")
	^
/app/common/src/main/java/net/irisshaders/iris/mixin/texture/AnimationMetadataSectionAccessor.java:21: error: Could not locate @Accessor target frameHeight in target net.minecraft.client.resources.metadata.animation.AnimationMetadataSection
	@Accessor("frameHeight")
	^
/app/common/src/main/java/net/irisshaders/iris/mixin/texture/SimpleTextureAccessor.java:10: error: Could not locate @Accessor target location in target net.minecraft.client.renderer.texture.SimpleTexture
	@Accessor("location")
	^
/app/common/src/main/java/net/irisshaders/iris/mixin/LightTextureAccessor.java:10: error: Could not locate @Accessor target lightTexture in target net.minecraft.client.renderer.LightTexture
	@Accessor("lightTexture")
	^
/app/common/src/main/java/net/irisshaders/iris/mixin/DimensionTypeAccessor.java:11: error: Could not locate @Accessor target fixedTime in target net.minecraft.world.level.dimension.DimensionType
	@Accessor
	^
/app/common/src/main/java/net/irisshaders/iris/mixin/GameRendererAccessor.java:13: error: Could not locate @Accessor target blurEffect in target net.minecraft.client.renderer.GameRenderer
	@Accessor
	^
/app/common/src/main/java/net/irisshaders/iris/mixin/GameRendererAccessor.java:16: error: Could not locate @Accessor target renderHand in target net.minecraft.client.renderer.GameRenderer
	@Accessor
	^
/app/common/src/main/java/net/irisshaders/iris/mixin/GameRendererAccessor.java:19: error: Could not locate @Accessor target panoramicMode in target net.minecraft.client.renderer.GameRenderer
	@Accessor
	^
/app/common/src/main/java/net/irisshaders/iris/mixin/LevelRendererAccessor.java:27: error: Could not locate @Invoker target renderSectionLayer in target net.minecraft.client.renderer.LevelRenderer
	@Invoker("renderSectionLayer")
	^
/app/common/src/main/java/net/irisshaders/iris/mixin/LevelRendererAccessor.java:30: error: Could not locate @Invoker target setupRender in target net.minecraft.client.renderer.LevelRenderer
	@Invoker("setupRender")
	^
/app/common/src/main/java/net/irisshaders/iris/mixin/LevelRendererAccessor.java:33: error: Could not locate @Invoker target renderEntity in target net.minecraft.client.renderer.LevelRenderer
	@Invoker("renderEntity")
	^
/app/common/src/main/java/net/irisshaders/iris/mixin/texture/SpriteContentsAnimatedTextureAccessor.java:15: error: Could not locate @Invoker target uploadFrame in target net.minecraft.client.renderer.texture.SpriteContents$AnimatedTexture
	@Invoker("uploadFrame")
	^
/app/common/src/main/java/net/irisshaders/iris/mixin/GameRendererAccessor.java:28: error: Could not locate @Invoker target getFov in target net.minecraft.client.renderer.GameRenderer
	@Invoker
	^
/app/common/src/main/java/net/quasar/mobile/QuasarCapabilities.java:3: error: cannot find symbol
import com.mojang.blaze3d.platform.GlStateManager;
                                  ^
  symbol:   class GlStateManager
  location: package com.mojang.blaze3d.platform
/app/common/src/main/java/net/quasar/mobile/gui/QuasarCompatScreen.java:7: error: cannot find symbol
import net.minecraft.client.gui.GuiGraphicsExtractor;
                               ^
  symbol:   class GuiGraphicsExtractor
  location: package net.minecraft.client.gui
/app/common/src/main/java/net/quasar/mobile/gui/QuasarCompatScreen.java:83: error: cannot find symbol
	public void extractRenderState(GuiGraphicsExtractor guiGraphics, int mouseX, int mouseY, float delta) {
	                               ^
  symbol:   class GuiGraphicsExtractor
  location: class QuasarCompatScreen
/app/common/src/main/java/net/quasar/mobile/gui/widget/QuasarToggle.java:5: error: cannot find symbol
import net.minecraft.client.gui.GuiGraphicsExtractor;
                               ^
  symbol:   class GuiGraphicsExtractor
  location: package net.minecraft.client.gui
/app/common/src/main/java/net/quasar/mobile/gui/widget/QuasarToggle.java:28: error: cannot find symbol
	protected void extractWidgetRenderState(GuiGraphicsExtractor graphics, int mouseX, int mouseY, float delta) {
	                                        ^
  symbol:   class GuiGraphicsExtractor
  location: class QuasarToggle
/app/common/src/main/java/net/quasar/mobile/gui/widget/QuasarButton.java:5: error: cannot find symbol
import net.minecraft.client.gui.GuiGraphicsExtractor;
                               ^
  symbol:   class GuiGraphicsExtractor
  location: package net.minecraft.client.gui
/app/common/src/main/java/net/quasar/mobile/gui/widget/QuasarButton.java:24: error: cannot find symbol
	protected void extractWidgetRenderState(GuiGraphicsExtractor graphics, int mouseX, int mouseY, float delta) {
	                                        ^
  symbol:   class GuiGraphicsExtractor
  location: class QuasarButton
/app/common/src/main/java/net/quasar/mobile/gui/widget/QuasarDropdown.java:5: error: cannot find symbol
import net.minecraft.client.gui.GuiGraphicsExtractor;
                               ^
  symbol:   class GuiGraphicsExtractor
  location: package net.minecraft.client.gui
/app/common/src/main/java/net/quasar/mobile/gui/widget/QuasarDropdown.java:31: error: cannot find symbol
	protected void extractWidgetRenderState(GuiGraphicsExtractor graphics, int mouseX, int mouseY, float delta) {
	                                        ^
  symbol:   class GuiGraphicsExtractor
  location: class QuasarDropdown
/app/common/src/main/java/net/quasar/mobile/gui/widget/QuasarSlider.java:5: error: cannot find symbol
import net.minecraft.client.gui.GuiGraphicsExtractor;
                               ^
  symbol:   class GuiGraphicsExtractor
  location: package net.minecraft.client.gui
/app/common/src/main/java/net/quasar/mobile/gui/widget/QuasarSlider.java:40: error: cannot find symbol
	protected void extractWidgetRenderState(GuiGraphicsExtractor graphics, int mouseX, int mouseY, float delta) {
	                                        ^
  symbol:   class GuiGraphicsExtractor
  location: class QuasarSlider
/app/common/src/main/java/net/quasar/mobile/gui/QuasarDebugOverlay.java:9: error: cannot find symbol
import net.minecraft.client.gui.GuiGraphicsExtractor;
                               ^
  symbol:   class GuiGraphicsExtractor
  location: package net.minecraft.client.gui
/app/common/src/main/java/net/quasar/mobile/gui/QuasarDebugOverlay.java:31: error: cannot find symbol
	public static void render(GuiGraphicsExtractor graphics) {
	                          ^
  symbol:   class GuiGraphicsExtractor
  location: class QuasarDebugOverlay
/app/common/src/main/java/net/quasar/mobile/gui/screen/QuasarSettingsScreen.java:10: error: cannot find symbol
import net.minecraft.client.gui.GuiGraphicsExtractor;
                               ^
  symbol:   class GuiGraphicsExtractor
  location: package net.minecraft.client.gui
/app/common/src/main/java/net/quasar/mobile/gui/screen/QuasarSettingsScreen.java:112: error: cannot find symbol
	public void extractRenderState(GuiGraphicsExtractor graphics, int mouseX, int mouseY, float delta) {
	                               ^
  symbol:   class GuiGraphicsExtractor
  location: class QuasarSettingsScreen
/app/common/src/main/java/net/quasar/mobile/gui/screen/QuasarHomeScreen.java:10: error: cannot find symbol
import net.minecraft.client.gui.GuiGraphicsExtractor;
                               ^
  symbol:   class GuiGraphicsExtractor
  location: package net.minecraft.client.gui
/app/common/src/main/java/net/quasar/mobile/gui/screen/QuasarHomeScreen.java:130: error: cannot find symbol
	public void extractRenderState(GuiGraphicsExtractor graphics, int mouseX, int mouseY, float delta) {
	                               ^
  symbol:   class GuiGraphicsExtractor
  location: class QuasarHomeScreen
/app/common/src/main/java/net/quasar/mobile/gui/anim/QuasarBackground.java:4: error: cannot find symbol
import net.minecraft.client.gui.GuiGraphicsExtractor;
                               ^
  symbol:   class GuiGraphicsExtractor
  location: package net.minecraft.client.gui
/app/common/src/main/java/net/quasar/mobile/gui/anim/QuasarBackground.java:47: error: cannot find symbol
	public static void render(GuiGraphicsExtractor graphics, int width, int height) {
	                          ^
  symbol:   class GuiGraphicsExtractor
  location: class QuasarBackground
/app/common/src/main/java/net/quasar/mobile/gui/anim/QuasarBackground.java:69: error: cannot find symbol
	private static void renderStarLayer(GuiGraphicsExtractor graphics, int width, int height, float[] starX, float[] starY, int count, long time, int layer, float speed, int size) {
	                                    ^
  symbol:   class GuiGraphicsExtractor
  location: class QuasarBackground
/app/common/src/main/java/net/irisshaders/iris/pipeline/PipelineManager.java:3: error: cannot find symbol
import com.mojang.blaze3d.platform.GlStateManager;
                                  ^
  symbol:   class GlStateManager
  location: package com.mojang.blaze3d.platform
/app/common/src/main/java/net/irisshaders/iris/mixin/LevelRendererAccessor.java:10: error: cannot find symbol
import net.minecraft.client.renderer.RenderType;
                                    ^
  symbol:   class RenderType
  location: package net.minecraft.client.renderer
/app/common/src/main/java/net/irisshaders/iris/pipeline/WorldRenderingPhase.java:3: error: cannot find symbol
import net.minecraft.client.renderer.RenderType;
                                    ^
  symbol:   class RenderType
  location: package net.minecraft.client.renderer
/app/common/src/main/java/net/irisshaders/iris/pipeline/programs/SodiumPrograms.java:33: error: cannot find symbol
import net.minecraft.resources.ResourceLocation;
                              ^
  symbol:   class ResourceLocation
  location: package net.minecraft.resources
/app/common/src/main/java/net/irisshaders/iris/pipeline/IrisRenderingPipeline.java:6: error: cannot find symbol
import com.mojang.blaze3d.platform.GlStateManager;
                                  ^
  symbol:   class GlStateManager
  location: package com.mojang.blaze3d.platform
/app/common/src/main/java/net/irisshaders/iris/pipeline/IrisRenderingPipeline.java:93: error: cannot find symbol
import net.minecraft.client.renderer.DimensionSpecialEffects;
                                    ^
  symbol:   class DimensionSpecialEffects
  location: package net.minecraft.client.renderer
/app/common/src/main/java/net/irisshaders/iris/pipeline/IrisRenderingPipeline.java:95: error: cannot find symbol
import net.minecraft.client.renderer.ShaderInstance;
                                    ^
  symbol:   class ShaderInstance
  location: package net.minecraft.client.renderer
/app/common/src/main/java/net/irisshaders/iris/pipeline/programs/ShaderMap.java:3: error: cannot find symbol
import net.minecraft.client.renderer.ShaderInstance;
                                    ^
  symbol:   class ShaderInstance
  location: package net.minecraft.client.renderer
/app/common/src/main/java/net/irisshaders/iris/shadows/ShadowCompositeRenderer.java:6: error: cannot find symbol
import com.mojang.blaze3d.platform.GlStateManager;
                                  ^
  symbol:   class GlStateManager
  location: package com.mojang.blaze3d.platform
/app/common/src/main/java/net/irisshaders/iris/gl/program/ComputeProgram.java:3: error: cannot find symbol
import com.mojang.blaze3d.platform.GlStateManager;
                                  ^
  symbol:   class GlStateManager
  location: package com.mojang.blaze3d.platform
/app/common/src/main/java/net/irisshaders/iris/gl/program/ComputeProgram.java:4: error: cannot find symbol
import com.mojang.blaze3d.shaders.ProgramManager;
                                 ^
  symbol:   class ProgramManager
  location: package com.mojang.blaze3d.shaders
/app/common/src/main/java/net/irisshaders/iris/pipeline/IrisRenderingPipeline.java:131: error: cannot find symbol
	private final Set<ShaderInstance> loadedShaders;
	                  ^
  symbol:   class ShaderInstance
  location: class IrisRenderingPipeline
/app/common/src/main/java/net/irisshaders/iris/pipeline/CompositeRenderer.java:6: error: cannot find symbol
import com.mojang.blaze3d.platform.GlStateManager;
                                  ^
  symbol:   class GlStateManager
  location: package com.mojang.blaze3d.platform
/app/common/src/main/java/net/irisshaders/iris/pipeline/FinalPassRenderer.java:5: error: cannot find symbol
import com.mojang.blaze3d.platform.GlStateManager;
                                  ^
  symbol:   class GlStateManager
  location: package com.mojang.blaze3d.platform
/app/common/src/main/java/net/irisshaders/iris/pipeline/CustomTextureManager.java:3: error: cannot find symbol
import com.mojang.blaze3d.platform.GlStateManager;
                                  ^
  symbol:   class GlStateManager
  location: package com.mojang.blaze3d.platform
/app/common/src/main/java/net/irisshaders/iris/pipeline/CustomTextureManager.java:26: error: cannot find symbol
import net.minecraft.ResourceLocationException;
                    ^
  symbol:   class ResourceLocationException
  location: package net.minecraft
/app/common/src/main/java/net/irisshaders/iris/pipeline/CustomTextureManager.java:32: error: cannot find symbol
import net.minecraft.resources.ResourceLocation;
                              ^
  symbol:   class ResourceLocation
  location: package net.minecraft.resources
/app/common/src/main/java/net/irisshaders/iris/pathways/CenterDepthSampler.java:4: error: cannot find symbol
import com.mojang.blaze3d.platform.GlStateManager;
                                  ^
  symbol:   class GlStateManager
  location: package com.mojang.blaze3d.platform
/app/common/src/main/java/net/irisshaders/iris/pathways/HorizonRenderer.java:7: error: cannot find symbol
import com.mojang.blaze3d.vertex.VertexBuffer;
                                ^
  symbol:   class VertexBuffer
  location: package com.mojang.blaze3d.vertex
/app/common/src/main/java/net/irisshaders/iris/pathways/HorizonRenderer.java:11: error: cannot find symbol
import net.minecraft.client.renderer.ShaderInstance;
                                    ^
  symbol:   class ShaderInstance
  location: package net.minecraft.client.renderer
/app/common/src/main/java/net/irisshaders/iris/shadows/ShadowRenderer.java:40: error: cannot find symbol
import net.minecraft.client.renderer.RenderType;
                                    ^
  symbol:   class RenderType
  location: package net.minecraft.client.renderer
/app/common/src/main/java/net/irisshaders/iris/gl/image/GlImage.java:3: error: cannot find symbol
import com.mojang.blaze3d.platform.GlStateManager;
                                  ^
  symbol:   class GlStateManager
  location: package com.mojang.blaze3d.platform
/app/common/src/main/java/net/irisshaders/iris/gl/buffer/ShaderStorageBufferHolder.java:3: error: cannot find symbol
import com.mojang.blaze3d.platform.GlStateManager;
                                  ^
  symbol:   class GlStateManager
  location: package com.mojang.blaze3d.platform
/app/common/src/main/java/net/irisshaders/iris/gl/framebuffer/GlFramebuffer.java:3: error: cannot find symbol
import com.mojang.blaze3d.platform.GlStateManager;
                                  ^
  symbol:   class GlStateManager
  location: package com.mojang.blaze3d.platform
/app/common/src/main/java/net/irisshaders/iris/pipeline/IrisRenderingPipeline.java:645: error: cannot find symbol
	private ShaderInstance createShader(String name, Optional<ProgramSource> source, ShaderKey key) throws IOException {
	        ^
  symbol:   class ShaderInstance
  location: class IrisRenderingPipeline
/app/common/src/main/java/net/irisshaders/iris/pipeline/IrisRenderingPipeline.java:659: error: cannot find symbol
	private ShaderInstance createShader(String name, ProgramSource source, ProgramId programId, AlphaTest fallbackAlpha,
	        ^
  symbol:   class ShaderInstance
  location: class IrisRenderingPipeline
/app/common/src/main/java/net/irisshaders/iris/pipeline/IrisRenderingPipeline.java:681: error: cannot find symbol
	private ShaderInstance createFallbackShader(String name, ShaderKey key) throws IOException {
	        ^
  symbol:   class ShaderInstance
  location: class IrisRenderingPipeline
/app/common/src/main/java/net/irisshaders/iris/pipeline/IrisRenderingPipeline.java:694: error: cannot find symbol
	private ShaderInstance createShadowShader(String name, Optional<ProgramSource> source, ShaderKey key) throws IOException {
	        ^
  symbol:   class ShaderInstance
  location: class IrisRenderingPipeline
/app/common/src/main/java/net/irisshaders/iris/pipeline/IrisRenderingPipeline.java:703: error: cannot find symbol
	private ShaderInstance createFallbackShadowShader(String name, ShaderKey key) throws IOException {
	        ^
  symbol:   class ShaderInstance
  location: class IrisRenderingPipeline
/app/common/src/main/java/net/irisshaders/iris/pipeline/IrisRenderingPipeline.java:715: error: cannot find symbol
	private ShaderInstance createShadowShader(String name, ProgramSource source, ProgramId programId, AlphaTest fallbackAlpha,
	        ^
  symbol:   class ShaderInstance
  location: class IrisRenderingPipeline
/app/common/src/main/java/net/irisshaders/iris/gl/buffer/ShaderStorageBuffer.java:3: error: cannot find symbol
import com.mojang.blaze3d.platform.GlStateManager;
                                  ^
  symbol:   class GlStateManager
  location: package com.mojang.blaze3d.platform
/app/common/src/main/java/net/irisshaders/iris/pathways/HorizonRenderer.java:46: error: cannot find symbol
	private VertexBuffer buffer;
	        ^
  symbol:   class VertexBuffer
  location: class HorizonRenderer
100 errors
100 warnings

> Task :common:compileJava FAILED

[Incubating] Problems report is available at: file:///app/build/reports/problems/problems-report.html

FAILURE: Build failed with an exception.

* What went wrong:
Execution failed for task ':common:compileJava' (registered by plugin class 'org.gradle.api.plugins.JavaBasePlugin').
> Compilation failed; see the compiler output below.
  /app/common/src/main/java/net/irisshaders/iris/mixin/entity_render_context/MixinItemRenderer.java:27: warning: Unable to determine descriptor for @Inject target method
	@Inject(method = "render", at = @At(value = "HEAD"))
	^
  /app/common/src/main/java/net/irisshaders/iris/mixin/entity_render_context/MixinItemRenderer.java:50: warning: Unable to determine descriptor for @Inject target method
	@Inject(method = "render", at = @At(value = "RETURN"))
	^
  /app/common/src/main/java/net/irisshaders/iris/mixin/entity_render_context/MixinCapeLayer.java:21: warning: Cannot find target method "render(Lcom/mojang/blaze3d/vertex/PoseStack;Lnet/minecraft/client/renderer/MultiBufferSource;ILnet/minecraft/client/player/AbstractClientPlayer;FFFFFF)V" for @Inject.method="render(Lcom/mojang/blaze3d/vertex/PoseStack;Lnet/minecraft/client/renderer/MultiBufferSource;ILnet/minecraft/client/player/AbstractClientPlayer;FFFFFF)V" in net.minecraft.client.renderer.entity.layers.CapeLayer
	@Inject(method = "render(Lcom/mojang/blaze3d/vertex/PoseStack;Lnet/minecraft/client/renderer/MultiBufferSource;ILnet/minecraft/client/player/AbstractClientPlayer;FFFFFF)V", at = @At(value = "INVOKE", target = "Lcom/mojang/blaze3d/vertex/PoseStack;pushPose()V"))
	^
  /app/common/src/main/java/net/irisshaders/iris/mixin/entity_render_context/MixinCapeLayer.java:28: warning: Cannot find target method "render(Lcom/mojang/blaze3d/vertex/PoseStack;Lnet/minecraft/client/renderer/MultiBufferSource;ILnet/minecraft/client/player/AbstractClientPlayer;FFFFFF)V" for @Inject.method="render(Lcom/mojang/blaze3d/vertex/PoseStack;Lnet/minecraft/client/renderer/MultiBufferSource;ILnet/minecraft/client/player/AbstractClientPlayer;FFFFFF)V" in net.minecraft.client.renderer.entity.layers.CapeLayer
	@Inject(method = "render(Lcom/mojang/blaze3d/vertex/PoseStack;Lnet/minecraft/client/renderer/MultiBufferSource;ILnet/minecraft/client/player/AbstractClientPlayer;FFFFFF)V", at = @At(value = "RETURN"))
	^
  /app/common/src/main/java/net/irisshaders/iris/mixin/entity_render_context/MixinHumanoidArmorLayer.java:36: warning: Cannot find target method "renderArmorPiece(Lcom/mojang/blaze3d/vertex/PoseStack;Lnet/minecraft/client/renderer/MultiBufferSource;Lnet/minecraft/world/entity/LivingEntity;Lnet/minecraft/world/entity/EquipmentSlot;ILnet/minecraft/client/model/HumanoidModel;)V" for @Inject.method="Lnet/minecraft/client/renderer/entity/layers/HumanoidArmorLayer;renderArmorPiece(Lcom/mojang/blaze3d/vertex/PoseStack;Lnet/minecraft/client/renderer/MultiBufferSource;Lnet/minecraft/world/entity/LivingEntity;Lnet/minecraft/world/entity/EquipmentSlot;ILnet/minecraft/client/model/HumanoidModel;)V" in net.minecraft.client.renderer.entity.layers.HumanoidArmorLayer
	@Inject(method = "Lnet/minecraft/client/renderer/entity/layers/HumanoidArmorLayer;renderArmorPiece(Lcom/mojang/blaze3d/vertex/PoseStack;Lnet/minecraft/client/renderer/MultiBufferSource;Lnet/minecraft/world/entity/LivingEntity;Lnet/minecraft/world/entity/EquipmentSlot;ILnet/minecraft/client/model/HumanoidModel;)V", require = 0, at = @At(value = "INVOKE", target = "Lnet/minecraft/client/model/HumanoidModel;copyPropertiesTo(Lnet/minecraft/client/model/HumanoidModel;)V"))
	^
  /app/common/src/main/java/net/irisshaders/iris/mixin/entity_render_context/MixinHumanoidArmorLayer.java:45: warning: Cannot find target method "renderTrim(Lnet/minecraft/core/Holder;Lcom/mojang/blaze3d/vertex/PoseStack;Lnet/minecraft/client/renderer/MultiBufferSource;ILnet/minecraft/world/item/armortrim/ArmorTrim;Lnet/minecraft/client/model/HumanoidModel;Z)V" for @Inject.method="renderTrim(Lnet/minecraft/core/Holder;Lcom/mojang/blaze3d/vertex/PoseStack;Lnet/minecraft/client/renderer/MultiBufferSource;ILnet/minecraft/world/item/armortrim/ArmorTrim;Lnet/minecraft/client/model/HumanoidModel;Z)V" in net.minecraft.client.renderer.entity.layers.HumanoidArmorLayer
	@Inject(method = "renderTrim(Lnet/minecraft/core/Holder;Lcom/mojang/blaze3d/vertex/PoseStack;Lnet/minecraft/client/renderer/MultiBufferSource;ILnet/minecraft/world/item/armortrim/ArmorTrim;Lnet/minecraft/client/model/HumanoidModel;Z)V", at = @At(value = "HEAD"))
	^
  /app/common/src/main/java/net/irisshaders/iris/mixin/entity_render_context/MixinHumanoidArmorLayer.java:52: warning: Cannot find target method "renderTrim(Lnet/minecraft/core/Holder;Lcom/mojang/blaze3d/vertex/PoseStack;Lnet/minecraft/client/renderer/MultiBufferSource;ILnet/minecraft/world/item/armortrim/ArmorTrim;Lnet/minecraft/client/model/HumanoidModel;Z)V" for @Inject.method="renderTrim(Lnet/minecraft/core/Holder;Lcom/mojang/blaze3d/vertex/PoseStack;Lnet/minecraft/client/renderer/MultiBufferSource;ILnet/minecraft/world/item/armortrim/ArmorTrim;Lnet/minecraft/client/model/HumanoidModel;Z)V" in net.minecraft.client.renderer.entity.layers.HumanoidArmorLayer
	@Inject(method = "renderTrim(Lnet/minecraft/core/Holder;Lcom/mojang/blaze3d/vertex/PoseStack;Lnet/minecraft/client/renderer/MultiBufferSource;ILnet/minecraft/world/item/armortrim/ArmorTrim;Lnet/minecraft/client/model/HumanoidModel;Z)V", at = @At(value = "TAIL"))
	^
  /app/common/src/main/java/net/irisshaders/iris/mixin/entity_render_context/MixinEntityRenderDispatcher.java:84: warning: Unable to determine descriptor for @Inject target method
	@Inject(method = "render", at = @At(value = "INVOKE", target = "Lcom/mojang/blaze3d/vertex/PoseStack;popPose()V"))
	^
  /app/common/src/main/java/net/irisshaders/iris/mixin/entity_render_context/MixinEnderDragonRenderer.java:22: warning: Unable to determine descriptor for @Inject target method
	@Inject(method = "renderCrystalBeams", at = @At(value = "INVOKE", target = "Lcom/mojang/blaze3d/vertex/PoseStack;pushPose()V"))
	^
  /app/common/src/main/java/net/irisshaders/iris/mixin/entity_render_context/MixinEnderDragonRenderer.java:30: warning: Unable to determine descriptor for @Inject target method
	@Inject(method = "renderCrystalBeams", at = @At(value = "RETURN"))
	^
  /app/common/src/main/java/net/irisshaders/iris/mixin/entity_render_context/MixinBlockEntityRenderDispatcher.java:61: warning: Unable to determine descriptor for @Inject target method
	@Inject(method = "render", at = @At(value = "INVOKE", target = RUN_REPORTED, shift = At.Shift.AFTER))
	^
  /app/common/src/main/java/net/irisshaders/iris/mixin/entity_render_context/MixinEntityRenderer.java:26: warning: Unable to determine descriptor for @Inject target method
	@Inject(method = "renderNameTag", at = @At(value = "INVOKE", target = "Lnet/minecraft/world/entity/Entity;getViewYRot(F)F"))
	^
  /app/common/src/main/java/net/irisshaders/iris/mixin/entity_render_context/MixinEntityRenderer.java:41: warning: Unable to determine descriptor for @Inject target method
	@Inject(method = "renderNameTag", at = @At("RETURN"))
	^
  /app/common/src/main/java/net/irisshaders/iris/mixin/MixinTheEndPortalRenderer.java:41: warning: Cannot find target method "render(Lnet/minecraft/world/level/block/entity/TheEndPortalBlockEntity;FLcom/mojang/blaze3d/vertex/PoseStack;Lnet/minecraft/client/renderer/MultiBufferSource;II)V" for @Inject.method="render(Lnet/minecraft/world/level/block/entity/TheEndPortalBlockEntity;FLcom/mojang/blaze3d/vertex/PoseStack;Lnet/minecraft/client/renderer/MultiBufferSource;II)V" in net.minecraft.client.renderer.blockentity.TheEndPortalRenderer
	@Inject(method = "render(Lnet/minecraft/world/level/block/entity/TheEndPortalBlockEntity;FLcom/mojang/blaze3d/vertex/PoseStack;Lnet/minecraft/client/renderer/MultiBufferSource;II)V", at = @At("HEAD"), cancellable = true)
	^
  /app/common/src/main/java/net/irisshaders/iris/mixin/MixinWindow.java:17: warning: Unable to locate method mapping for @At(INVOKE.<target>) 'Lorg/lwjgl/glfw/GLFW;glfwDefaultWindowHints()V'
	@Inject(method = "<init>", at = @At(value = "INVOKE", target = "Lorg/lwjgl/glfw/GLFW;glfwDefaultWindowHints()V", shift = At.Shift.AFTER))
	^
  /app/common/src/main/java/net/irisshaders/iris/mixin/MixinRenderSystem.java:28: warning: Cannot find target method "_setShaderTexture(ILnet/minecraft/resources/ResourceLocation;)V" for @Inject.method="_setShaderTexture(ILnet/minecraft/resources/ResourceLocation;)V" in com.mojang.blaze3d.systems.RenderSystem
	@Inject(method = "_setShaderTexture(ILnet/minecraft/resources/ResourceLocation;)V", at = @At(value = "INVOKE", target = "Lnet/minecraft/client/renderer/texture/AbstractTexture;getId()I", shift = At.Shift.AFTER))
	^
  /app/common/src/main/java/net/irisshaders/iris/mixin/MixinRenderSystem.java:33: warning: Cannot find target method "_setShaderTexture(II)V" for @Inject.method="_setShaderTexture(II)V" in com.mojang.blaze3d.systems.RenderSystem
	@Inject(method = "_setShaderTexture(II)V", at = @At("RETURN"), remap = false)
	^
  /app/common/src/main/java/net/irisshaders/iris/mixin/MixinParticleEngine.java:18: warning: Unable to determine descriptor for @Inject target method
	@Inject(method = "render", at = @At("HEAD"))
	^
  /app/common/src/main/java/net/irisshaders/iris/mixin/MixinParticleEngine.java:23: warning: Unable to determine descriptor for @Inject target method
	@Inject(method = "render", at = @At("RETURN"))
	^
  /app/common/src/main/java/net/irisshaders/iris/mixin/MixinDebugScreenOverlay.java:63: warning: Unable to determine descriptor for @Inject target method
	@Inject(method = "getSystemInformation", at = @At("RETURN"))
	^
  /app/common/src/main/java/net/irisshaders/iris/mixin/MixinDebugScreenOverlay.java:86: warning: Unable to determine descriptor for @Inject target method
	@Inject(method = "getGameInformation", at = @At("RETURN"))
	^
  /app/common/src/main/java/net/irisshaders/iris/mixin/fantastic/MixinStationaryItemParticle.java:30: warning: Unable to determine descriptor for @Inject target method
	@Inject(method = "getRenderType", at = @At("HEAD"), cancellable = true)
	^
  /app/common/src/main/java/net/irisshaders/iris/mixin/fantastic/MixinTerrainParticle.java:31: warning: Unable to determine descriptor for @Inject target method
	@Inject(method = "getRenderType", at = @At("HEAD"), cancellable = true)
	^
  /app/common/src/main/java/net/irisshaders/iris/mixin/shadows/MixinBeaconRenderer.java:15: warning: Cannot find target method "renderBeaconBeam(Lcom/mojang/blaze3d/vertex/PoseStack;Lnet/minecraft/client/renderer/MultiBufferSource;Lnet/minecraft/resources/ResourceLocation;FFJIIIFF)V" for @Inject.method="renderBeaconBeam(Lcom/mojang/blaze3d/vertex/PoseStack;Lnet/minecraft/client/renderer/MultiBufferSource;Lnet/minecraft/resources/ResourceLocation;FFJIIIFF)V" in net.minecraft.client.renderer.blockentity.BeaconRenderer
	@Inject(method = "renderBeaconBeam(Lcom/mojang/blaze3d/vertex/PoseStack;Lnet/minecraft/client/renderer/MultiBufferSource;Lnet/minecraft/resources/ResourceLocation;FFJIIIFF)V",
	^
  /app/common/src/main/java/net/irisshaders/iris/mixin/shadows/MixinPreventRebuildNearInShadowPass.java:33: warning: Unable to determine descriptor for @Inject target method
	@Inject(method = "setupRender",
	^
  /app/common/src/main/java/net/irisshaders/iris/mixin/texture/MixinSpriteContents.java:39: warning: Cannot find target method "createTicker()Lnet/minecraft/client/renderer/texture/SpriteTicker;" for @Inject.method="createTicker()Lnet/minecraft/client/renderer/texture/SpriteTicker;" in net.minecraft.client.renderer.texture.SpriteContents
	@Inject(method = "createTicker()Lnet/minecraft/client/renderer/texture/SpriteTicker;", at = @At("RETURN"))
	^
  /app/common/src/main/java/net/irisshaders/iris/mixin/texture/MixinTextureManager.java:19: warning: Unable to determine descriptor for @Inject target method
	@Inject(method = {
	^
  /app/common/src/main/java/net/irisshaders/iris/mixin/texture/MixinTextureManager.java:28: warning: Cannot find target method "_dumpAllSheets(Ljava/nio/file/Path;)V" for @Inject.method="_dumpAllSheets(Ljava/nio/file/Path;)V" in net.minecraft.client.renderer.texture.TextureManager
	@Inject(method = "_dumpAllSheets(Ljava/nio/file/Path;)V", at = @At("RETURN"))
	^
  /app/common/src/main/java/net/irisshaders/iris/mixin/MixinLevelRenderer_Sky.java:44: warning: Unable to determine descriptor for @Inject target method
	@Inject(method = "renderSky", at = @At("HEAD"), cancellable = true)
	^
  /app/common/src/main/java/net/irisshaders/iris/mixin/MixinGameRenderer.java:44: warning: Unable to determine descriptor for @Inject target method
	@Inject(method = "getPositionShader", at = @At("HEAD"), cancellable = true)
	^
  /app/common/src/main/java/net/irisshaders/iris/mixin/MixinGameRenderer.java:55: warning: Unable to determine descriptor for @Inject target method
	@Inject(method = "getPositionColorShader", at = @At("HEAD"), cancellable = true)
	^
  /app/common/src/main/java/net/irisshaders/iris/mixin/MixinGameRenderer.java:66: warning: Unable to determine descriptor for @Inject target method
	@Inject(method = "getPositionTexShader", at = @At("HEAD"), cancellable = true)
	^
  /app/common/src/main/java/net/irisshaders/iris/mixin/MixinGameRenderer.java:77: warning: Unable to determine descriptor for @Inject target method
	@Inject(method = {"getPositionTexColorShader"}, at = @At("HEAD"), cancellable = true)
	^
  /app/common/src/main/java/net/irisshaders/iris/mixin/MixinGameRenderer.java:90: warning: Unable to determine descriptor for @Inject target method
	@Inject(method = {
	^
  /app/common/src/main/java/net/irisshaders/iris/mixin/MixinGameRenderer.java:103: warning: Unable to determine descriptor for @Inject target method
	@Inject(method = "getRendertypeCloudsShader", at = @At("HEAD"), cancellable = true)
	^
  /app/common/src/main/java/net/irisshaders/iris/mixin/MixinGameRenderer.java:112: warning: Unable to determine descriptor for @Inject target method
	@Inject(method = "getRendertypeSolidShader", at = @At("HEAD"), cancellable = true)
	^
  /app/common/src/main/java/net/irisshaders/iris/mixin/MixinGameRenderer.java:124: warning: Unable to determine descriptor for @Inject target method
	@Inject(method = {
	^
  /app/common/src/main/java/net/irisshaders/iris/mixin/MixinGameRenderer.java:138: warning: Unable to determine descriptor for @Inject target method
	@Inject(method = {
	^
  /app/common/src/main/java/net/irisshaders/iris/mixin/MixinGameRenderer.java:155: warning: Unable to determine descriptor for @Inject target method
	@Inject(method = {
	^
  /app/common/src/main/java/net/irisshaders/iris/mixin/MixinGameRenderer.java:181: warning: Unable to determine descriptor for @Inject target method
	@Inject(method = {
	^
  /app/common/src/main/java/net/irisshaders/iris/mixin/MixinGameRenderer.java:204: warning: Unable to determine descriptor for @Inject target method
	@Inject(method = {
	^
  /app/common/src/main/java/net/irisshaders/iris/mixin/MixinGameRenderer.java:220: warning: Unable to determine descriptor for @Inject target method
	@Inject(method = {
	^
  /app/common/src/main/java/net/irisshaders/iris/mixin/MixinGameRenderer.java:235: warning: Unable to determine descriptor for @Inject target method
	@Inject(method = {
	^
  /app/common/src/main/java/net/irisshaders/iris/mixin/MixinGameRenderer.java:254: warning: Unable to determine descriptor for @Inject target method
	@Inject(method = {
	^
  /app/common/src/main/java/net/irisshaders/iris/mixin/MixinGameRenderer.java:269: warning: Unable to determine descriptor for @Inject target method
	@Inject(method = "getRendertypeBeaconBeamShader", at = @At("HEAD"), cancellable = true)
	^
  /app/common/src/main/java/net/irisshaders/iris/mixin/MixinGameRenderer.java:278: warning: Unable to determine descriptor for @Inject target method
	@Inject(method = "getRendertypeEntityAlphaShader", at = @At("HEAD"), cancellable = true)
	^
  /app/common/src/main/java/net/irisshaders/iris/mixin/MixinGameRenderer.java:285: warning: Unable to determine descriptor for @Inject target method
	@Inject(method = {
	^
  /app/common/src/main/java/net/irisshaders/iris/mixin/MixinGameRenderer.java:298: warning: Unable to determine descriptor for @Inject target method
	@Inject(method = {
	^
  /app/common/src/main/java/net/irisshaders/iris/mixin/MixinGameRenderer.java:315: warning: Unable to determine descriptor for @Inject target method
	@Inject(method = {
	^
  /app/common/src/main/java/net/irisshaders/iris/mixin/MixinGameRenderer.java:326: warning: Unable to determine descriptor for @Inject target method
	@Inject(method = {
	^
  /app/common/src/main/java/net/irisshaders/iris/mixin/MixinGameRenderer.java:338: warning: Unable to determine descriptor for @Inject target method
	@Inject(method = {
	^
  /app/common/src/main/java/net/irisshaders/iris/mixin/MixinGameRenderer.java:347: warning: Unable to determine descriptor for @Inject target method
	@Inject(method = {
	^
  /app/common/src/main/java/net/irisshaders/iris/mixin/MixinGameRenderer.java:364: warning: Unable to determine descriptor for @Inject target method
	@Inject(method = {
	^
  /app/common/src/main/java/net/irisshaders/iris/mixin/MixinGameRenderer.java:376: warning: Unable to determine descriptor for @Inject target method
	@Inject(method = {
	^
  /app/common/src/main/java/net/irisshaders/iris/mixin/MixinGameRenderer.java:392: warning: Unable to determine descriptor for @Inject target method
	@Inject(method = {
	^
  /app/common/src/main/java/net/irisshaders/iris/mixin/MixinBiomeAmbientSoundsHandler.java:29: warning: Unable to determine descriptor for @Inject target method
	@Inject(method = {
	^
  /app/common/src/main/java/net/irisshaders/iris/mixin/MixinLevelRenderer.java:176: warning: Unable to determine descriptor for @Inject target method
	@Inject(method = "renderSky",
	^
  /app/common/src/main/java/net/irisshaders/iris/mixin/MixinLevelRenderer.java:176: warning: Unable to locate method mapping for @At(INVOKE.<target>) 'Lnet/minecraft/client/renderer/FogRenderer;levelFogColor()V'
	@Inject(method = "renderSky",
	^
  /app/common/src/main/java/net/irisshaders/iris/mixin/MixinLevelRenderer.java:184: warning: Unable to determine descriptor for @Inject target method
	@Inject(method = "renderSky", at = @At(value = "FIELD", target = "Lnet/minecraft/client/renderer/LevelRenderer;SUN_LOCATION:Lnet/minecraft/resources/ResourceLocation;"))
	^
  /app/common/src/main/java/net/irisshaders/iris/mixin/MixinLevelRenderer.java:189: warning: Unable to determine descriptor for @Inject target method
	@Inject(method = "renderSky", at = @At(value = "INVOKE", target = "Lnet/minecraft/client/renderer/DimensionSpecialEffects;getSunriseColor(FF)[F"))
	^
  /app/common/src/main/java/net/irisshaders/iris/mixin/MixinLevelRenderer.java:189: warning: Unable to locate method mapping for @At(INVOKE.<target>) 'Lnet/minecraft/client/renderer/DimensionSpecialEffects;getSunriseColor(FF)[F'
	@Inject(method = "renderSky", at = @At(value = "INVOKE", target = "Lnet/minecraft/client/renderer/DimensionSpecialEffects;getSunriseColor(FF)[F"))
	^
  /app/common/src/main/java/net/irisshaders/iris/mixin/MixinLevelRenderer.java:194: warning: Unable to determine descriptor for @Inject target method
	@Inject(method = "renderSky", at = @At(value = "FIELD", target = "Lnet/minecraft/client/renderer/LevelRenderer;MOON_LOCATION:Lnet/minecraft/resources/ResourceLocation;"))
	^
  /app/common/src/main/java/net/irisshaders/iris/mixin/MixinLevelRenderer.java:199: warning: Unable to determine descriptor for @Inject target method
	@Inject(method = "renderSky", at = @At(value = "INVOKE", target = "Lnet/minecraft/client/multiplayer/ClientLevel;getStarBrightness(F)F"))
	^
  /app/common/src/main/java/net/irisshaders/iris/mixin/MixinLevelRenderer.java:204: warning: Unable to determine descriptor for @Inject target method
	@Inject(method = "renderSky", at = @At(value = "INVOKE", target = "Lnet/minecraft/client/player/LocalPlayer;getEyePosition(F)Lnet/minecraft/world/phys/Vec3;"))
	^
  /app/common/src/main/java/net/irisshaders/iris/mixin/MixinLevelRenderer.java:209: warning: Unable to determine descriptor for @Inject target method
	@Inject(method = "renderSky", at = @At(value = "INVOKE", target = "Lnet/minecraft/client/multiplayer/ClientLevel;getTimeOfDay(F)F"),
	^
  /app/common/src/main/java/net/irisshaders/iris/mixin/MixinLevelRenderer.java:231: warning: Unable to determine descriptor for @Inject target method
	@Inject(method = "renderSectionLayer", at = @At("HEAD"))
	^
  /app/common/src/main/java/net/irisshaders/iris/mixin/MixinLevelRenderer.java:236: warning: Unable to determine descriptor for @Inject target method
	@Inject(method = "renderSectionLayer", at = @At("RETURN"))
	^
  /app/common/src/main/java/net/irisshaders/iris/mixin/vertices/immediate/MixinBufferSource.java:34: warning: Cannot find target method "endBatch(Lnet/minecraft/client/renderer/RenderType;Lcom/mojang/blaze3d/vertex/BufferBuilder;)V" for @Inject.method="endBatch(Lnet/minecraft/client/renderer/RenderType;Lcom/mojang/blaze3d/vertex/BufferBuilder;)V" in net.minecraft.client.renderer.MultiBufferSource$BufferSource
	@Inject(method = "endBatch(Lnet/minecraft/client/renderer/RenderType;Lcom/mojang/blaze3d/vertex/BufferBuilder;)V",
	^
  /app/common/src/main/java/net/irisshaders/iris/mixin/vertices/immediate/MixinBufferSource.java:43: warning: Cannot find target method "endBatch(Lnet/minecraft/client/renderer/RenderType;Lcom/mojang/blaze3d/vertex/BufferBuilder;)V" for @Inject.method="endBatch(Lnet/minecraft/client/renderer/RenderType;Lcom/mojang/blaze3d/vertex/BufferBuilder;)V" in net.minecraft.client.renderer.MultiBufferSource$BufferSource
	@Inject(method = "endBatch(Lnet/minecraft/client/renderer/RenderType;Lcom/mojang/blaze3d/vertex/BufferBuilder;)V",
	^
  /app/common/src/main/java/net/irisshaders/iris/mixin/vertices/MixinVertexFormat.java:18: warning: Unable to determine descriptor for @Inject target method
	@Inject(method = "setupBufferState", at = @At("HEAD"), cancellable = true)
	^
  /app/common/src/main/java/net/irisshaders/iris/mixin/vertices/MixinVertexFormat.java:37: warning: Unable to determine descriptor for @Inject target method
	@Inject(method = "clearBufferState", at = @At("HEAD"), cancellable = true)
	^
  /app/common/src/main/java/net/irisshaders/iris/mixin/MixinEntityRenderDispatcher.java:43: warning: Cannot find target method "renderShadow(Lcom/mojang/blaze3d/vertex/PoseStack;Lnet/minecraft/client/renderer/MultiBufferSource;Lnet/minecraft/world/entity/Entity;FFLnet/minecraft/world/level/LevelReader;F)V" for @Inject.method="renderShadow(Lcom/mojang/blaze3d/vertex/PoseStack;Lnet/minecraft/client/renderer/MultiBufferSource;Lnet/minecraft/world/entity/Entity;FFLnet/minecraft/world/level/LevelReader;F)V" in net.minecraft.client.renderer.entity.EntityRenderDispatcher
	@Inject(method = RENDER_SHADOW, at = @At("HEAD"), cancellable = true)
	^
  /app/common/src/main/java/net/irisshaders/iris/mixin/MixinEntityRenderDispatcher.java:59: warning: Unable to determine descriptor for @Inject target method
	@Inject(method = "renderShadow", at = @At("RETURN"))
	^
  /app/common/src/main/java/net/irisshaders/iris/mixin/MixinEntityRenderDispatcher.java:66: warning: Unable to determine descriptor for @Inject target method
	@Inject(method = "renderBlockShadow", at = @At("HEAD"), cancellable = true)
	^
  /app/common/src/main/java/net/irisshaders/iris/mixin/MixinEntityRenderDispatcher.java:94: warning: Unable to determine descriptor for @Inject target method
	@Inject(method = "renderFlame", at = @At("HEAD"))
	^
  /app/common/src/main/java/net/irisshaders/iris/mixin/entity_render_context/MixinElytraLayer.java:24: error: Mixin has no targets
  @Mixin(ElytraLayer.class)
  ^
  /app/common/src/main/java/net/irisshaders/iris/mixin/entity_render_context/MixinHorseArmorLayer.java:18: error: Mixin has no targets
  @Mixin(HorseArmorLayer.class)
  ^
  /app/common/src/main/java/net/irisshaders/iris/mixin/MixinFogRenderer.java:19: error: Mixin has no targets
  @Mixin(FogRenderer.class)
  ^
  /app/common/src/main/java/net/irisshaders/iris/mixin/ProgramTypeAccessor.java:7: error: Mixin has no targets
  @Mixin(Program.Type.class)
  ^
  /app/common/src/main/java/net/irisshaders/iris/mixin/MixinGlStateManager_DepthColorOverride.java:13: error: Mixin has no targets
  @Mixin(GlStateManager.class)
  ^
  /app/common/src/main/java/net/irisshaders/iris/mixin/MixinGlStateManager_BlendOverride.java:10: error: Mixin has no targets
  @Mixin(value = GlStateManager.class, remap = false)
  ^
  /app/common/src/main/java/net/irisshaders/iris/mixin/statelisteners/BooleanStateAccessor.java:7: error: Mixin has no targets
  @Mixin(GlStateManager.BooleanState.class)
  ^
  /app/common/src/main/java/net/irisshaders/iris/mixin/statelisteners/MixinGlStateManager.java:11: error: Mixin has no targets
  @Mixin(GlStateManager.class)
  ^
  /app/common/src/main/java/net/irisshaders/iris/mixin/MixinRenderType.java:10: error: Mixin has no targets
  @Mixin(RenderType.class)
  ^
  /app/common/src/main/java/net/irisshaders/iris/mixin/texture/MixinResourceLocation.java:9: error: Mixin has no targets
  @Mixin(value = ResourceLocation.class, priority = 1010)
  ^
  /app/common/src/main/java/net/irisshaders/iris/mixin/texture/MixinGlStateManager.java:16: error: Mixin has no targets
  @Mixin(GlStateManager.class)
  ^
  /app/common/src/main/java/net/irisshaders/iris/mixin/texture/SpriteContentsTickerAccessor.java:8: error: Mixin has no targets
  @Mixin(SpriteContents.Ticker.class)
  ^
  /app/common/src/main/java/net/irisshaders/iris/mixin/MixinProgram.java:18: error: Mixin has no targets
  @Mixin(Program.class)
  ^
  /app/common/src/main/java/net/irisshaders/iris/mixin/rendertype/RenderStateShardAccessor.java:7: error: Mixin has no targets
  @Mixin(RenderStateShard.class)
  ^
  /app/common/src/main/java/net/irisshaders/iris/mixin/rendertype/RenderTypeAccessor.java:7: error: Mixin has no targets
  @Mixin(RenderType.class)
  ^
  /app/common/src/main/java/net/irisshaders/iris/mixin/MixinShaderInstance.java:44: error: Mixin has no targets
  @Mixin(ShaderInstance.class)
  ^
  /app/common/src/main/java/net/irisshaders/iris/mixin/MixinVertexBuffer.java:12: error: Mixin has no targets
  @Mixin(VertexBuffer.class)
  ^
  /app/common/src/main/java/net/irisshaders/iris/mixin/MixinBooleanState.java:14: error: Mixin has no targets
  @Mixin(GlStateManager.BooleanState.class)
  ^
  /app/common/src/main/java/net/irisshaders/iris/mixin/MixinGlStateManager_FramebufferBinding.java:16: error: Mixin has no targets
  @Mixin(GlStateManager.class)
  ^
  /app/common/src/main/java/net/irisshaders/iris/mixin/MixinProgramType.java:13: error: Mixin has no targets
  @Mixin(Program.Type.class)
  ^
  /app/common/src/main/java/net/irisshaders/iris/mixin/sky/MixinDimensionSpecialEffects.java:19: error: Mixin has no targets
  @Mixin(DimensionSpecialEffects.class)
  ^
  /app/common/src/main/java/net/irisshaders/iris/mixin/MixinUniform.java:15: error: Mixin has no targets
  @Mixin(Uniform.class)
  ^
  /app/common/src/main/java/net/irisshaders/iris/mixin/MixinProgramManager.java:11: error: Mixin has no targets
  @Mixin(ProgramManager.class)
  ^
  /app/common/src/main/java/net/irisshaders/iris/mixin/GlStateManagerAccessor.java:7: error: Mixin has no targets
  @Mixin(value = GlStateManager.class, remap = false)
  ^
  /app/common/src/main/java/net/irisshaders/batchedentityrendering/mixin/CompositeStateAccessor.java:8: error: Mixin has no targets
  @Mixin(RenderType.CompositeState.class)
  ^
  /app/common/src/main/java/net/irisshaders/batchedentityrendering/mixin/MixinCompositeRenderType.java:14: error: Mixin has no targets
  @Mixin(RenderType.CompositeRenderType.class)
  ^
  /app/common/src/main/java/net/irisshaders/batchedentityrendering/mixin/MixinRenderType.java:9: error: Mixin has no targets
  @Mixin(RenderType.class)
  ^
  /app/common/src/main/java/net/irisshaders/batchedentityrendering/mixin/RenderStateShardAccessor.java:7: error: Mixin has no targets
  @Mixin(RenderStateShard.class)
  ^
  /app/common/src/main/java/net/irisshaders/batchedentityrendering/mixin/RenderTypeAccessor.java:7: error: Mixin has no targets
  @Mixin(RenderType.class)
  ^
  /app/common/src/main/java/net/irisshaders/iris/mixin/vertices/MixinVertexFormatElement.java:14: error: Unable to locate obfuscation mapping for @Inject target supportsUsage
	@Inject(method = "supportsUsage", at = @At("HEAD"), cancellable = true)
	^
  /app/common/src/main/java/net/irisshaders/iris/mixin/LevelRendererAccessor.java:45: error: Could not locate @Accessor target generateClouds in target net.minecraft.client.renderer.LevelRenderer
	@Accessor("generateClouds")
	^
  /app/common/src/main/java/net/irisshaders/iris/mixin/LevelRendererAccessor.java:48: error: Could not locate @Accessor target generateClouds in target net.minecraft.client.renderer.LevelRenderer
	@Accessor("generateClouds")
	^
  /app/common/src/main/java/net/irisshaders/iris/mixin/texture/TextureAtlasAccessor.java:17: error: Could not locate @Accessor target mipLevel in target net.minecraft.client.renderer.texture.TextureAtlas
	@Accessor("mipLevel")
	^
  /app/common/src/main/java/net/irisshaders/iris/mixin/texture/AnimationMetadataSectionAccessor.java:10: error: Could not locate @Accessor target frameWidth in target net.minecraft.client.resources.metadata.animation.AnimationMetadataSection
	@Accessor("frameWidth")
	^
  /app/common/src/main/java/net/irisshaders/iris/mixin/texture/AnimationMetadataSectionAccessor.java:14: error: Could not locate @Accessor target frameWidth in target net.minecraft.client.resources.metadata.animation.AnimationMetadataSection
	@Accessor("frameWidth")
	^
  /app/common/src/main/java/net/irisshaders/iris/mixin/texture/AnimationMetadataSectionAccessor.java:17: error: Could not locate @Accessor target frameHeight in target net.minecraft.client.resources.metadata.animation.AnimationMetadataSection
	@Accessor("frameHeight")
	^
  /app/common/src/main/java/net/irisshaders/iris/mixin/texture/AnimationMetadataSectionAccessor.java:21: error: Could not locate @Accessor target frameHeight in target net.minecraft.client.resources.metadata.animation.AnimationMetadataSection
	@Accessor("frameHeight")
	^
  /app/common/src/main/java/net/irisshaders/iris/mixin/texture/SimpleTextureAccessor.java:10: error: Could not locate @Accessor target location in target net.minecraft.client.renderer.texture.SimpleTexture
	@Accessor("location")
	^
  /app/common/src/main/java/net/irisshaders/iris/mixin/LightTextureAccessor.java:10: error: Could not locate @Accessor target lightTexture in target net.minecraft.client.renderer.LightTexture
	@Accessor("lightTexture")
	^
  /app/common/src/main/java/net/irisshaders/iris/mixin/DimensionTypeAccessor.java:11: error: Could not locate @Accessor target fixedTime in target net.minecraft.world.level.dimension.DimensionType
	@Accessor
	^
  /app/common/src/main/java/net/irisshaders/iris/mixin/GameRendererAccessor.java:13: error: Could not locate @Accessor target blurEffect in target net.minecraft.client.renderer.GameRenderer
	@Accessor
	^
  /app/common/src/main/java/net/irisshaders/iris/mixin/GameRendererAccessor.java:16: error: Could not locate @Accessor target renderHand in target net.minecraft.client.renderer.GameRenderer
	@Accessor
	^
  /app/common/src/main/java/net/irisshaders/iris/mixin/GameRendererAccessor.java:19: error: Could not locate @Accessor target panoramicMode in target net.minecraft.client.renderer.GameRenderer
	@Accessor
	^
  /app/common/src/main/java/net/irisshaders/iris/mixin/LevelRendererAccessor.java:27: error: Could not locate @Invoker target renderSectionLayer in target net.minecraft.client.renderer.LevelRenderer
	@Invoker("renderSectionLayer")
	^
  /app/common/src/main/java/net/irisshaders/iris/mixin/LevelRendererAccessor.java:30: error: Could not locate @Invoker target setupRender in target net.minecraft.client.renderer.LevelRenderer
	@Invoker("setupRender")
	^
  /app/common/src/main/java/net/irisshaders/iris/mixin/LevelRendererAccessor.java:33: error: Could not locate @Invoker target renderEntity in target net.minecraft.client.renderer.LevelRenderer
	@Invoker("renderEntity")
	^
  /app/common/src/main/java/net/irisshaders/iris/mixin/texture/SpriteContentsAnimatedTextureAccessor.java:15: error: Could not locate @Invoker target uploadFrame in target net.minecraft.client.renderer.texture.SpriteContents$AnimatedTexture
	@Invoker("uploadFrame")
	^
  /app/common/src/main/java/net/irisshaders/iris/mixin/GameRendererAccessor.java:28: error: Could not locate @Invoker target getFov in target net.minecraft.client.renderer.GameRenderer
	@Invoker
	^
  /app/common/src/main/java/net/quasar/mobile/QuasarCapabilities.java:3: error: cannot find symbol
  import com.mojang.blaze3d.platform.GlStateManager;
                                    ^
    symbol:   class GlStateManager
    location: package com.mojang.blaze3d.platform
  /app/common/src/main/java/net/quasar/mobile/gui/QuasarCompatScreen.java:7: error: cannot find symbol
  import net.minecraft.client.gui.GuiGraphicsExtractor;
                                 ^
    symbol:   class GuiGraphicsExtractor
    location: package net.minecraft.client.gui
  /app/common/src/main/java/net/quasar/mobile/gui/QuasarCompatScreen.java:83: error: cannot find symbol
	public void extractRenderState(GuiGraphicsExtractor guiGraphics, int mouseX, int mouseY, float delta) {
	                               ^
    symbol:   class GuiGraphicsExtractor
    location: class QuasarCompatScreen
  /app/common/src/main/java/net/quasar/mobile/gui/widget/QuasarToggle.java:5: error: cannot find symbol
  import net.minecraft.client.gui.GuiGraphicsExtractor;
                                 ^
    symbol:   class GuiGraphicsExtractor
    location: package net.minecraft.client.gui
  /app/common/src/main/java/net/quasar/mobile/gui/widget/QuasarToggle.java:28: error: cannot find symbol
	protected void extractWidgetRenderState(GuiGraphicsExtractor graphics, int mouseX, int mouseY, float delta) {
	                                        ^
    symbol:   class GuiGraphicsExtractor
    location: class QuasarToggle
  /app/common/src/main/java/net/quasar/mobile/gui/widget/QuasarButton.java:5: error: cannot find symbol
  import net.minecraft.client.gui.GuiGraphicsExtractor;
                                 ^
    symbol:   class GuiGraphicsExtractor
    location: package net.minecraft.client.gui
  /app/common/src/main/java/net/quasar/mobile/gui/widget/QuasarButton.java:24: error: cannot find symbol
	protected void extractWidgetRenderState(GuiGraphicsExtractor graphics, int mouseX, int mouseY, float delta) {
	                                        ^
    symbol:   class GuiGraphicsExtractor
    location: class QuasarButton
  /app/common/src/main/java/net/quasar/mobile/gui/widget/QuasarDropdown.java:5: error: cannot find symbol
  import net.minecraft.client.gui.GuiGraphicsExtractor;
                                 ^
    symbol:   class GuiGraphicsExtractor
    location: package net.minecraft.client.gui
  /app/common/src/main/java/net/quasar/mobile/gui/widget/QuasarDropdown.java:31: error: cannot find symbol
	protected void extractWidgetRenderState(GuiGraphicsExtractor graphics, int mouseX, int mouseY, float delta) {
	                                        ^
    symbol:   class GuiGraphicsExtractor
    location: class QuasarDropdown
  /app/common/src/main/java/net/quasar/mobile/gui/widget/QuasarSlider.java:5: error: cannot find symbol
  import net.minecraft.client.gui.GuiGraphicsExtractor;
                                 ^
    symbol:   class GuiGraphicsExtractor
    location: package net.minecraft.client.gui
  /app/common/src/main/java/net/quasar/mobile/gui/widget/QuasarSlider.java:40: error: cannot find symbol
	protected void extractWidgetRenderState(GuiGraphicsExtractor graphics, int mouseX, int mouseY, float delta) {
	                                        ^
    symbol:   class GuiGraphicsExtractor
    location: class QuasarSlider
  /app/common/src/main/java/net/quasar/mobile/gui/QuasarDebugOverlay.java:9: error: cannot find symbol
  import net.minecraft.client.gui.GuiGraphicsExtractor;
                                 ^
    symbol:   class GuiGraphicsExtractor
    location: package net.minecraft.client.gui
  /app/common/src/main/java/net/quasar/mobile/gui/QuasarDebugOverlay.java:31: error: cannot find symbol
	public static void render(GuiGraphicsExtractor graphics) {
	                          ^
    symbol:   class GuiGraphicsExtractor
    location: class QuasarDebugOverlay
  /app/common/src/main/java/net/quasar/mobile/gui/screen/QuasarSettingsScreen.java:10: error: cannot find symbol
  import net.minecraft.client.gui.GuiGraphicsExtractor;
                                 ^
    symbol:   class GuiGraphicsExtractor
    location: package net.minecraft.client.gui
  /app/common/src/main/java/net/quasar/mobile/gui/screen/QuasarSettingsScreen.java:112: error: cannot find symbol
	public void extractRenderState(GuiGraphicsExtractor graphics, int mouseX, int mouseY, float delta) {
	                               ^
    symbol:   class GuiGraphicsExtractor
    location: class QuasarSettingsScreen
  /app/common/src/main/java/net/quasar/mobile/gui/screen/QuasarHomeScreen.java:10: error: cannot find symbol
  import net.minecraft.client.gui.GuiGraphicsExtractor;
                                 ^
    symbol:   class GuiGraphicsExtractor
    location: package net.minecraft.client.gui
  /app/common/src/main/java/net/quasar/mobile/gui/screen/QuasarHomeScreen.java:130: error: cannot find symbol
	public void extractRenderState(GuiGraphicsExtractor graphics, int mouseX, int mouseY, float delta) {
	                               ^
    symbol:   class GuiGraphicsExtractor
    location: class QuasarHomeScreen
  /app/common/src/main/java/net/quasar/mobile/gui/anim/QuasarBackground.java:4: error: cannot find symbol
  import net.minecraft.client.gui.GuiGraphicsExtractor;
                                 ^
    symbol:   class GuiGraphicsExtractor
    location: package net.minecraft.client.gui
  /app/common/src/main/java/net/quasar/mobile/gui/anim/QuasarBackground.java:47: error: cannot find symbol
	public static void render(GuiGraphicsExtractor graphics, int width, int height) {
	                          ^
    symbol:   class GuiGraphicsExtractor
    location: class QuasarBackground
  /app/common/src/main/java/net/quasar/mobile/gui/anim/QuasarBackground.java:69: error: cannot find symbol
	private static void renderStarLayer(GuiGraphicsExtractor graphics, int width, int height, float[] starX, float[] starY, int count, long time, int layer, float speed, int size) {
	                                    ^
    symbol:   class GuiGraphicsExtractor
    location: class QuasarBackground
  /app/common/src/main/java/net/irisshaders/iris/pipeline/PipelineManager.java:3: error: cannot find symbol
  import com.mojang.blaze3d.platform.GlStateManager;
                                    ^
    symbol:   class GlStateManager
    location: package com.mojang.blaze3d.platform
  /app/common/src/main/java/net/irisshaders/iris/mixin/LevelRendererAccessor.java:10: error: cannot find symbol
  import net.minecraft.client.renderer.RenderType;
                                      ^
    symbol:   class RenderType
    location: package net.minecraft.client.renderer
  /app/common/src/main/java/net/irisshaders/iris/pipeline/WorldRenderingPhase.java:3: error: cannot find symbol
  import net.minecraft.client.renderer.RenderType;
                                      ^
    symbol:   class RenderType
    location: package net.minecraft.client.renderer
  /app/common/src/main/java/net/irisshaders/iris/pipeline/programs/SodiumPrograms.java:33: error: cannot find symbol
  import net.minecraft.resources.ResourceLocation;
                                ^
    symbol:   class ResourceLocation
    location: package net.minecraft.resources
  /app/common/src/main/java/net/irisshaders/iris/pipeline/IrisRenderingPipeline.java:6: error: cannot find symbol
  import com.mojang.blaze3d.platform.GlStateManager;
                                    ^
    symbol:   class GlStateManager
    location: package com.mojang.blaze3d.platform
  /app/common/src/main/java/net/irisshaders/iris/pipeline/IrisRenderingPipeline.java:93: error: cannot find symbol
  import net.minecraft.client.renderer.DimensionSpecialEffects;
                                      ^
    symbol:   class DimensionSpecialEffects
    location: package net.minecraft.client.renderer
  /app/common/src/main/java/net/irisshaders/iris/pipeline/IrisRenderingPipeline.java:95: error: cannot find symbol
  import net.minecraft.client.renderer.ShaderInstance;
                                      ^
    symbol:   class ShaderInstance
    location: package net.minecraft.client.renderer
  /app/common/src/main/java/net/irisshaders/iris/pipeline/programs/ShaderMap.java:3: error: cannot find symbol
  import net.minecraft.client.renderer.ShaderInstance;
                                      ^
    symbol:   class ShaderInstance
    location: package net.minecraft.client.renderer
  /app/common/src/main/java/net/irisshaders/iris/shadows/ShadowCompositeRenderer.java:6: error: cannot find symbol
  import com.mojang.blaze3d.platform.GlStateManager;
                                    ^
    symbol:   class GlStateManager
    location: package com.mojang.blaze3d.platform
  /app/common/src/main/java/net/irisshaders/iris/gl/program/ComputeProgram.java:3: error: cannot find symbol
  import com.mojang.blaze3d.platform.GlStateManager;
                                    ^
    symbol:   class GlStateManager
    location: package com.mojang.blaze3d.platform
  /app/common/src/main/java/net/irisshaders/iris/gl/program/ComputeProgram.java:4: error: cannot find symbol
  import com.mojang.blaze3d.shaders.ProgramManager;
                                   ^
    symbol:   class ProgramManager
    location: package com.mojang.blaze3d.shaders
  /app/common/src/main/java/net/irisshaders/iris/pipeline/IrisRenderingPipeline.java:131: error: cannot find symbol
	private final Set<ShaderInstance> loadedShaders;
	                  ^
    symbol:   class ShaderInstance
    location: class IrisRenderingPipeline
  /app/common/src/main/java/net/irisshaders/iris/pipeline/CompositeRenderer.java:6: error: cannot find symbol
  import com.mojang.blaze3d.platform.GlStateManager;
                                    ^
    symbol:   class GlStateManager
    location: package com.mojang.blaze3d.platform
  /app/common/src/main/java/net/irisshaders/iris/pipeline/FinalPassRenderer.java:5: error: cannot find symbol
  import com.mojang.blaze3d.platform.GlStateManager;
                                    ^
    symbol:   class GlStateManager
    location: package com.mojang.blaze3d.platform
  /app/common/src/main/java/net/irisshaders/iris/pipeline/CustomTextureManager.java:3: error: cannot find symbol
  import com.mojang.blaze3d.platform.GlStateManager;
                                    ^
    symbol:   class GlStateManager
    location: package com.mojang.blaze3d.platform
  /app/common/src/main/java/net/irisshaders/iris/pipeline/CustomTextureManager.java:26: error: cannot find symbol
  import net.minecraft.ResourceLocationException;
                      ^
    symbol:   class ResourceLocationException
    location: package net.minecraft
  /app/common/src/main/java/net/irisshaders/iris/pipeline/CustomTextureManager.java:32: error: cannot find symbol
  import net.minecraft.resources.ResourceLocation;
                                ^
    symbol:   class ResourceLocation
    location: package net.minecraft.resources
  /app/common/src/main/java/net/irisshaders/iris/pathways/CenterDepthSampler.java:4: error: cannot find symbol
  import com.mojang.blaze3d.platform.GlStateManager;
                                    ^
    symbol:   class GlStateManager
    location: package com.mojang.blaze3d.platform
  /app/common/src/main/java/net/irisshaders/iris/pathways/HorizonRenderer.java:7: error: cannot find symbol
  import com.mojang.blaze3d.vertex.VertexBuffer;
                                  ^
    symbol:   class VertexBuffer
    location: package com.mojang.blaze3d.vertex
  /app/common/src/main/java/net/irisshaders/iris/pathways/HorizonRenderer.java:11: error: cannot find symbol
  import net.minecraft.client.renderer.ShaderInstance;
                                      ^
    symbol:   class ShaderInstance
    location: package net.minecraft.client.renderer
  /app/common/src/main/java/net/irisshaders/iris/shadows/ShadowRenderer.java:40: error: cannot find symbol
  import net.minecraft.client.renderer.RenderType;
                                      ^
    symbol:   class RenderType
    location: package net.minecraft.client.renderer
  /app/common/src/main/java/net/irisshaders/iris/gl/image/GlImage.java:3: error: cannot find symbol
  import com.mojang.blaze3d.platform.GlStateManager;
                                    ^
    symbol:   class GlStateManager
    location: package com.mojang.blaze3d.platform
  /app/common/src/main/java/net/irisshaders/iris/gl/buffer/ShaderStorageBufferHolder.java:3: error: cannot find symbol
  import com.mojang.blaze3d.platform.GlStateManager;
                                    ^
    symbol:   class GlStateManager
    location: package com.mojang.blaze3d.platform
  /app/common/src/main/java/net/irisshaders/iris/gl/framebuffer/GlFramebuffer.java:3: error: cannot find symbol
  import com.mojang.blaze3d.platform.GlStateManager;
                                    ^
    symbol:   class GlStateManager
    location: package com.mojang.blaze3d.platform
  /app/common/src/main/java/net/irisshaders/iris/pipeline/IrisRenderingPipeline.java:645: error: cannot find symbol
	private ShaderInstance createShader(String name, Optional<ProgramSource> source, ShaderKey key) throws IOException {
	        ^
    symbol:   class ShaderInstance
    location: class IrisRenderingPipeline
  /app/common/src/main/java/net/irisshaders/iris/pipeline/IrisRenderingPipeline.java:659: error: cannot find symbol
	private ShaderInstance createShader(String name, ProgramSource source, ProgramId programId, AlphaTest fallbackAlpha,
	        ^
    symbol:   class ShaderInstance
    location: class IrisRenderingPipeline
  /app/common/src/main/java/net/irisshaders/iris/pipeline/IrisRenderingPipeline.java:681: error: cannot find symbol
	private ShaderInstance createFallbackShader(String name, ShaderKey key) throws IOException {
	        ^
    symbol:   class ShaderInstance
    location: class IrisRenderingPipeline
  /app/common/src/main/java/net/irisshaders/iris/pipeline/IrisRenderingPipeline.java:694: error: cannot find symbol
	private ShaderInstance createShadowShader(String name, Optional<ProgramSource> source, ShaderKey key) throws IOException {
	        ^
    symbol:   class ShaderInstance
    location: class IrisRenderingPipeline
  /app/common/src/main/java/net/irisshaders/iris/pipeline/IrisRenderingPipeline.java:703: error: cannot find symbol
	private ShaderInstance createFallbackShadowShader(String name, ShaderKey key) throws IOException {
	        ^
    symbol:   class ShaderInstance
    location: class IrisRenderingPipeline
  /app/common/src/main/java/net/irisshaders/iris/pipeline/IrisRenderingPipeline.java:715: error: cannot find symbol
	private ShaderInstance createShadowShader(String name, ProgramSource source, ProgramId programId, AlphaTest fallbackAlpha,
	        ^
    symbol:   class ShaderInstance
    location: class IrisRenderingPipeline
  /app/common/src/main/java/net/irisshaders/iris/gl/buffer/ShaderStorageBuffer.java:3: error: cannot find symbol
  import com.mojang.blaze3d.platform.GlStateManager;
                                    ^
    symbol:   class GlStateManager
    location: package com.mojang.blaze3d.platform
  /app/common/src/main/java/net/irisshaders/iris/pathways/HorizonRenderer.java:46: error: cannot find symbol
	private VertexBuffer buffer;
	        ^
    symbol:   class VertexBuffer
    location: class HorizonRenderer
  100 errors
  100 warnings

* Try:
> Check your code and dependencies to fix the compilation error(s)
> Run with --scan to get full insights from a Build Scan (powered by Develocity).

Deprecated Gradle features were used in this build, making it incompatible with Gradle 10.

You can use '--warning-mode all' to show the individual deprecation warnings and determine if they come from your own scripts or plugins.

For more on this, please refer to https://docs.gradle.org/9.5.0/userguide/command_line_interface.html#sec:command_line_warnings in the Gradle documentation.

BUILD FAILED in 52s
7 actionable tasks: 3 executed, 4 from cache
