#
# There is insufficient memory for the Java Runtime Environment to continue.
# Native memory allocation (mmap) failed to map 121634816 bytes for committing reserved memory.
# Possible reasons:
#   The system is out of physical RAM or swap space
#   The process is running with CompressedOops enabled, and the Java Heap may be blocking the growth of the native heap
# Possible solutions:
#   Reduce memory load on the system
#   Increase physical memory or swap space
#   Check if swap backing store is full
#   Decrease Java heap size (-Xmx/-Xms)
#   Decrease number of Java threads
#   Decrease Java thread stack sizes (-Xss)
#   Set larger code cache with -XX:ReservedCodeCacheSize=
#   JVM is running with Unscaled Compressed Oops mode in which the Java heap is
#     placed in the first 4GB address space. The Java Heap base address is the
#     maximum limit for the native heap growth. Please use -XX:HeapBaseMinAddress
#     to set the Java Heap base and to place the Java Heap above 4GB virtual address.
# This output file may be truncated or incomplete.
#
#  Out of Memory Error (os_linux.cpp:2802), pid=11397, tid=11407
#
# JRE version: Java(TM) SE Runtime Environment (21.0.12+7) (build 21.0.12+7-LTS-205)
# Java VM: Java HotSpot(TM) 64-Bit Server VM (21.0.12+7-LTS-205, mixed mode, sharing, tiered, compressed oops, compressed class ptrs, g1 gc, linux-amd64)
# No core dump will be written. Core dumps have been disabled. To enable core dumping, try "ulimit -c unlimited" before starting Java again
#

---------------  S U M M A R Y ------------

Command Line: -XX:MaxMetaspaceSize=512m --add-opens=java.base/java.util=ALL-UNNAMED --add-opens=java.base/java.lang=ALL-UNNAMED --add-opens=java.base/java.lang.invoke=ALL-UNNAMED --add-opens=java.prefs/java.util.prefs=ALL-UNNAMED --add-exports=jdk.compiler/com.sun.tools.javac.api=ALL-UNNAMED --add-exports=jdk.compiler/com.sun.tools.javac.util=ALL-UNNAMED --add-opens=java.base/java.nio.charset=ALL-UNNAMED --add-opens=java.base/java.net=ALL-UNNAMED --add-opens=java.base/java.util.concurrent.atomic=ALL-UNNAMED -Xmx1G -Dfile.encoding=UTF-8 -Duser.country -Duser.language=en -Duser.variant -javaagent:/root/.gradle/wrapper/dists/gradle-8.10-bin/deqhafrv1ntovfmgh0nh3npr9/gradle-8.10/lib/agents/gradle-instrumentation-agent-8.10.jar org.gradle.launcher.daemon.bootstrap.GradleDaemon 8.10

Host: Intel(R) Xeon(R) Processor @ 2.50GHz, 2 cores, 2G, Debian GNU/Linux 12 (bookworm)
Time: Sun Aug 16 18:12:30 2026 UTC elapsed time: 30.707355 seconds (0d 0h 0m 30s)

---------------  T H R E A D  ---------------

Current thread (0x00007f22800b9d90):  VMThread "VM Thread"          [id=11407, stack(0x00007f2264da0000,0x00007f2264ea0000) (1024K)]

Stack: [0x00007f2264da0000,0x00007f2264ea0000],  sp=0x00007f2264e9dc70,  free space=1015k
Native frames: (J=compiled Java code, j=interpreted, Vv=VM code, C=native code)
V  [libjvm.so+0xf7b0af]  VMError::report_and_die(int, char const*, char const*, __va_list_tag*, Thread*, unsigned char*, void*, void*, char const*, int, unsigned long)+0x2bf  (os_linux.cpp:2802)
V  [libjvm.so+0xf7ba9d]
V  [libjvm.so+0x6a662d]
V  [libjvm.so+0xd060fd]  os::pd_commit_memory_or_exit(char*, unsigned long, unsigned long, bool, char const*)+0xdd
V  [libjvm.so+0xcff9ab]  os::commit_memory_or_exit(char*, unsigned long, unsigned long, bool, char const*)+0x1b
V  [libjvm.so+0x806eeb]  G1PageBasedVirtualSpace::commit(unsigned long, unsigned long)+0x10b
V  [libjvm.so+0x81d827]  G1RegionsLargerThanCommitSizeMapper::commit_regions(unsigned int, unsigned long, WorkerThreads*)+0xa7
V  [libjvm.so+0x8b32a6]  HeapRegionManager::commit_regions(unsigned int, unsigned long, WorkerThreads*)+0x56
V  [libjvm.so+0x8b4ecb]  HeapRegionManager::expand(unsigned int, unsigned int, WorkerThreads*)+0x2b
V  [libjvm.so+0x8b50d5]  HeapRegionManager::expand_by(unsigned int, WorkerThreads*)+0x75
V  [libjvm.so+0x7bc6fc]  G1CollectedHeap::expand(unsigned long, WorkerThreads*, double*)+0xfc
V  [libjvm.so+0x7bcf56]  G1CollectedHeap::expand_heap_after_young_collection()+0x46
V  [libjvm.so+0x844eb8]  G1YoungCollector::post_evacuate_collection_set(G1EvacInfo*, G1ParScanThreadStateSet*)+0x258
V  [libjvm.so+0x845306]  G1YoungCollector::collect()+0x436
V  [libjvm.so+0x7ba351]  G1CollectedHeap::do_collection_pause_at_safepoint_helper()+0x101
V  [libjvm.so+0x7ba4cb]  G1CollectedHeap::do_collection_pause_at_safepoint()+0x2b
V  [libjvm.so+0x843250]  VM_G1CollectForAllocation::doit()+0x60
V  [libjvm.so+0xf80cb5]  VM_Operation::evaluate()+0x105
V  [libjvm.so+0xf843a3]  VMThread::evaluate_operation(VM_Operation*)+0xc3
V  [libjvm.so+0xf84f57]  VMThread::inner_execute(VM_Operation*)+0x357
V  [libjvm.so+0xf85257]  VMThread::run()+0xb7
V  [libjvm.so+0xef19df]  Thread::call_run()+0x9f
V  [libjvm.so+0xd09735]  thread_native_entry(Thread*)+0xd5
VM_Operation (0x00007f22343f3780): G1CollectForAllocation, mode: safepoint, requested by thread 0x00007f221c00a600


---------------  P R O C E S S  ---------------

Threads class SMR info:
_java_thread_list=0x00007f2230a5e210, length=29, elements={
0x00007f228002b1e0, 0x00007f22800c4a00, 0x00007f22800c5f70, 0x00007f22800c7700,
0x00007f22800c8d40, 0x00007f22800ca2e0, 0x00007f22800cbe20, 0x00007f22800cd4e0,
0x00007f228012ba90, 0x00007f228017ebe0, 0x00007f22812e7d80, 0x00007f22813493f0,
0x00007f228138e300, 0x00007f2214015a30, 0x00007f221c004f30, 0x00007f221c008330,
0x00007f221c00a600, 0x00007f2230007c70, 0x00007f2230009ff0, 0x00007f223000c280,
0x00007f2230205c40, 0x00007f2230211110, 0x00007f2230225b30, 0x00007f223021b050,
0x00007f223050cdf0, 0x00007f223037eb40, 0x00007f223039b670, 0x00007f223097b480,
0x00007f2230a5d9b0
}

Java Threads: ( => current thread )
  0x00007f228002b1e0 JavaThread "main"                              [_thread_blocked, id=11398, stack(0x00007f22845a2000,0x00007f22846a2000) (1024K)]
  0x00007f22800c4a00 JavaThread "Reference Handler"          daemon [_thread_blocked, id=11408, stack(0x00007f2264c48000,0x00007f2264d48000) (1024K)]
  0x00007f22800c5f70 JavaThread "Finalizer"                  daemon [_thread_blocked, id=11409, stack(0x00007f2264b47000,0x00007f2264c47000) (1024K)]
  0x00007f22800c7700 JavaThread "Signal Dispatcher"          daemon [_thread_blocked, id=11410, stack(0x00007f2264a46000,0x00007f2264b46000) (1024K)]
  0x00007f22800c8d40 JavaThread "Service Thread"             daemon [_thread_blocked, id=11411, stack(0x00007f2264945000,0x00007f2264a45000) (1024K)]
  0x00007f22800ca2e0 JavaThread "Monitor Deflation Thread"   daemon [_thread_blocked, id=11412, stack(0x00007f2264844000,0x00007f2264944000) (1024K)]
  0x00007f22800cbe20 JavaThread "C2 CompilerThread0"         daemon [_thread_in_native, id=11413, stack(0x00007f2264743000,0x00007f2264843000) (1024K)]
  0x00007f22800cd4e0 JavaThread "C1 CompilerThread0"         daemon [_thread_blocked, id=11414, stack(0x00007f2264642000,0x00007f2264742000) (1024K)]
  0x00007f228012ba90 JavaThread "Common-Cleaner"             daemon [_thread_blocked, id=11415, stack(0x00007f2264471000,0x00007f2264571000) (1024K)]
  0x00007f228017ebe0 JavaThread "Notification Thread"        daemon [_thread_blocked, id=11416, stack(0x00007f2264370000,0x00007f2264470000) (1024K)]
  0x00007f22812e7d80 JavaThread "Daemon health stats"               [_thread_blocked, id=11422, stack(0x00007f2234f00000,0x00007f2235000000) (1024K)]
  0x00007f22813493f0 JavaThread "Incoming local TCP Connector on port 46837"        [_thread_in_native, id=11424, stack(0x00007f2234b00000,0x00007f2234c00000) (1024K)]
  0x00007f228138e300 JavaThread "Daemon periodic checks"            [_thread_blocked, id=11425, stack(0x00007f2234700000,0x00007f2234800000) (1024K)]
  0x00007f2214015a30 JavaThread "Daemon"                            [_thread_blocked, id=11426, stack(0x00007f22345ff000,0x00007f22346ff000) (1024K)]
  0x00007f221c004f30 JavaThread "Handler for socket connection from /127.0.0.1:46837 to /127.0.0.1:56826"        [_thread_in_native, id=11427, stack(0x00007f22344fe000,0x00007f22345fe000) (1024K)]
  0x00007f221c008330 JavaThread "Cancel handler"                    [_thread_blocked, id=11428, stack(0x00007f22343fd000,0x00007f22344fd000) (1024K)]
  0x00007f221c00a600 JavaThread "Daemon worker"                     [_thread_blocked, id=11429, stack(0x00007f22342fc000,0x00007f22343fc000) (1024K)]
  0x00007f2230007c70 JavaThread "Asynchronous log dispatcher for DefaultDaemonConnection: socket connection from /127.0.0.1:46837 to /127.0.0.1:56826"        [_thread_blocked, id=11430, stack(0x00007f22341fb000,0x00007f22342fb000) (1024K)]
  0x00007f2230009ff0 JavaThread "Stdin handler"                     [_thread_blocked, id=11431, stack(0x00007f22340fa000,0x00007f22341fa000) (1024K)]
  0x00007f223000c280 JavaThread "Daemon client event forwarder"        [_thread_blocked, id=11432, stack(0x00007f220bf00000,0x00007f220c000000) (1024K)]
  0x00007f2230205c40 JavaThread "Cache worker for journal cache (/root/.gradle/caches/journal-1)"        [_thread_blocked, id=11435, stack(0x00007f220bdff000,0x00007f220beff000) (1024K)]
  0x00007f2230211110 JavaThread "File lock request listener"        [_thread_in_native, id=11436, stack(0x00007f220bcfe000,0x00007f220bdfe000) (1024K)]
  0x00007f2230225b30 JavaThread "Cache worker for file hash cache (/root/.gradle/caches/8.10/fileHashes)"        [_thread_blocked, id=11437, stack(0x00007f220bbfd000,0x00007f220bcfd000) (1024K)]
  0x00007f223021b050 JavaThread "Cache worker for file hash cache (/workspace/.gradle/8.10/fileHashes)"        [_thread_blocked, id=11441, stack(0x00007f220bafc000,0x00007f220bbfc000) (1024K)]
  0x00007f223050cdf0 JavaThread "Cache worker for Build Output Cleanup Cache (/workspace/.gradle/buildOutputCleanup)"        [_thread_blocked, id=11442, stack(0x00007f220b9fb000,0x00007f220bafb000) (1024K)]
  0x00007f223037eb40 JavaThread "Cache worker for checksums cache (/workspace/.gradle/8.10/checksums)"        [_thread_blocked, id=11444, stack(0x00007f220b8fa000,0x00007f220b9fa000) (1024K)]
  0x00007f223039b670 JavaThread "Cache worker for file content cache (/root/.gradle/caches/8.10/fileContent)"        [_thread_blocked, id=11445, stack(0x00007f220b7f9000,0x00007f220b8f9000) (1024K)]
  0x00007f223097b480 JavaThread "Cache worker for cache directory md-rule (/root/.gradle/caches/8.10/md-rule)"        [_thread_blocked, id=11447, stack(0x00007f220b6f8000,0x00007f220b7f8000) (1024K)]
  0x00007f2230a5d9b0 JavaThread "Cache worker for cache directory md-supplier (/root/.gradle/caches/8.10/md-supplier)"        [_thread_blocked, id=11448, stack(0x00007f220b5f7000,0x00007f220b6f7000) (1024K)]
Total: 29

Other Threads:
=>0x00007f22800b9d90 VMThread "VM Thread"                           [id=11407, stack(0x00007f2264da0000,0x00007f2264ea0000) (1024K)]
  0x00007f22800a8760 WatcherThread "VM Periodic Task Thread"        [id=11406, stack(0x00007f2264ea1000,0x00007f2264fa1000) (1024K)]
  0x00007f2280065850 WorkerThread "GC Thread#0"                     [id=11401, stack(0x00007f228403e000,0x00007f228413e000) (1024K)]
  0x00007f22240062a0 WorkerThread "GC Thread#1"                     [id=11417, stack(0x00007f226426f000,0x00007f226436f000) (1024K)]
  0x00007f228006ee20 ConcurrentGCThread "G1 Main Marker"            [id=11402, stack(0x00007f22675c4000,0x00007f22676c4000) (1024K)]
  0x00007f228006fdc0 WorkerThread "G1 Conc#0"                       [id=11403, stack(0x00007f22674c3000,0x00007f22675c3000) (1024K)]
  0x00007f22800963e0 ConcurrentGCThread "G1 Refine#0"               [id=11404, stack(0x00007f22651c0000,0x00007f22652c0000) (1024K)]
  0x00007f22800973a0 ConcurrentGCThread "G1 Service"                [id=11405, stack(0x00007f22650bf000,0x00007f22651bf000) (1024K)]
Total: 8

Threads with active compile tasks:
C2 CompilerThread0    30729 5249       4       org.objectweb.asm.SymbolTable::addConstantInvokeDynamic (23 bytes)
Total: 1

VM state: at safepoint (normal execution)

VM Mutex/Monitor currently owned by a thread:  ([mutex/lock_event])
[0x00007f2285c318f8] Threads_lock - owner thread: 0x00007f22800b9d90
[0x00007f2285c317f8] Heap_lock - owner thread: 0x00007f221c00a600

Heap address: 0x00000000c0000000, size: 1024 MB, Compressed Oops mode: 32-bit

CDS archive(s) mapped at: [0x00007f2235000000-0x00007f2235cac000-0x00007f2235cac000), size 13287424, SharedBaseAddress: 0x00007f2235000000, ArchiveRelocationMode: 1.
Compressed class space mapped at: 0x00007f2236000000-0x00007f2250000000, reserved size: 436207616
Narrow klass base: 0x00007f2235000000, Narrow klass shift: 0, Narrow klass range: 0x100000000

GC Precious Log:
 CardTable entry size: 512
 Card Set container configuration: InlinePtr #cards 5 size 8 Array Of Cards #cards 12 size 40 Howl #buckets 4 coarsen threshold 1843 Howl Bitmap #cards 512 size 80 coarsen threshold 460 Card regions per heap region 1 cards per card region 2048
 CPUs: 2 total, 2 available
 Memory: 2048M
 Large Page Support: Disabled
 NUMA Support: Disabled
 Compressed Oops: Enabled (32-bit)
 Heap Region Size: 1M
 Heap Min Capacity: 8M
 Heap Initial Capacity: 32M
 Heap Max Capacity: 1G
 Pre-touch: Disabled
 Parallel Workers: 2
 Concurrent Workers: 1
 Concurrent Refinement Workers: 2
 Periodic GC: Disabled

Heap:
 garbage-first heap   total 339968K, used 61004K [0x00000000c0000000, 0x0000000100000000)
  region size 1024K, 13 young (13312K), 13 survivors (13312K)
 Metaspace       used 35859K, committed 37248K, reserved 491520K
  class space    used 4992K, committed 5696K, reserved 425984K

Heap Regions: E=young(eden), S=young(survivor), O=old, HS=humongous(starts), HC=humongous(continues), CS=collection set, F=free, TAMS=top-at-mark-start, PB=parsable bottom
|   0|0x00000000c0000000, 0x00000000c0100000, 0x00000000c0100000|100%|HS|  |TAMS 0x00000000c0000000| PB 0x00000000c0000000| Complete 
|   1|0x00000000c0100000, 0x00000000c0200000, 0x00000000c0200000|100%|HC|  |TAMS 0x00000000c0100000| PB 0x00000000c0100000| Complete 
|   2|0x00000000c0200000, 0x00000000c0300000, 0x00000000c0300000|100%|HC|  |TAMS 0x00000000c0200000| PB 0x00000000c0200000| Complete 
|   3|0x00000000c0300000, 0x00000000c0400000, 0x00000000c0400000|100%|HC|  |TAMS 0x00000000c0300000| PB 0x00000000c0300000| Complete 
|   4|0x00000000c0400000, 0x00000000c0500000, 0x00000000c0500000|100%| O|  |TAMS 0x00000000c0400000| PB 0x00000000c0400000| Untracked 
|   5|0x00000000c0500000, 0x00000000c0600000, 0x00000000c0600000|100%| O|  |TAMS 0x00000000c0500000| PB 0x00000000c0500000| Untracked 
|   6|0x00000000c0600000, 0x00000000c0700000, 0x00000000c0700000|100%| O|  |TAMS 0x00000000c0600000| PB 0x00000000c0600000| Untracked 
|   7|0x00000000c0700000, 0x00000000c0800000, 0x00000000c0800000|100%| O|  |TAMS 0x00000000c0700000| PB 0x00000000c0700000| Untracked 
|   8|0x00000000c0800000, 0x00000000c0900000, 0x00000000c0900000|100%| O|  |TAMS 0x00000000c0800000| PB 0x00000000c0800000| Untracked 
|   9|0x00000000c0900000, 0x00000000c0a00000, 0x00000000c0a00000|100%| O|  |TAMS 0x00000000c0900000| PB 0x00000000c0900000| Untracked 
|  10|0x00000000c0a00000, 0x00000000c0b00000, 0x00000000c0b00000|100%|HS|  |TAMS 0x00000000c0a00000| PB 0x00000000c0a00000| Complete 
|  11|0x00000000c0b00000, 0x00000000c0c00000, 0x00000000c0c00000|100%| O|  |TAMS 0x00000000c0b00000| PB 0x00000000c0b00000| Untracked 
|  12|0x00000000c0c00000, 0x00000000c0d00000, 0x00000000c0d00000|100%| O|  |TAMS 0x00000000c0c00000| PB 0x00000000c0c00000| Untracked 
|  13|0x00000000c0d00000, 0x00000000c0e00000, 0x00000000c0e00000|100%| O|  |TAMS 0x00000000c0d00000| PB 0x00000000c0d00000| Untracked 
|  14|0x00000000c0e00000, 0x00000000c0f00000, 0x00000000c0f00000|100%| O|  |TAMS 0x00000000c0e00000| PB 0x00000000c0e00000| Untracked 
|  15|0x00000000c0f00000, 0x00000000c1000000, 0x00000000c1000000|100%| O|  |TAMS 0x00000000c0f00000| PB 0x00000000c0f00000| Untracked 
|  16|0x00000000c1000000, 0x00000000c1100000, 0x00000000c1100000|100%| O|  |TAMS 0x00000000c1000000| PB 0x00000000c1000000| Untracked 
|  17|0x00000000c1100000, 0x00000000c1200000, 0x00000000c1200000|100%| O|  |TAMS 0x00000000c1100000| PB 0x00000000c1100000| Untracked 
|  18|0x00000000c1200000, 0x00000000c1300000, 0x00000000c1300000|100%| O|  |TAMS 0x00000000c1200000| PB 0x00000000c1200000| Untracked 
|  19|0x00000000c1300000, 0x00000000c1400000, 0x00000000c1400000|100%| O|  |TAMS 0x00000000c1300000| PB 0x00000000c1300000| Untracked 
|  20|0x00000000c1400000, 0x00000000c1500000, 0x00000000c1500000|100%| O|  |TAMS 0x00000000c1400000| PB 0x00000000c1400000| Untracked 
|  21|0x00000000c1500000, 0x00000000c1600000, 0x00000000c1600000|100%| O|  |TAMS 0x00000000c1500000| PB 0x00000000c1500000| Untracked 
|  22|0x00000000c1600000, 0x00000000c1700000, 0x00000000c1700000|100%| O|  |TAMS 0x00000000c1600000| PB 0x00000000c1600000| Untracked 
|  23|0x00000000c1700000, 0x00000000c1800000, 0x00000000c1800000|100%| O|  |TAMS 0x00000000c1700000| PB 0x00000000c1700000| Untracked 
|  24|0x00000000c1800000, 0x00000000c1900000, 0x00000000c1900000|100%| O|  |TAMS 0x00000000c1800000| PB 0x00000000c1800000| Untracked 
|  25|0x00000000c1900000, 0x00000000c1a00000, 0x00000000c1a00000|100%| O|  |TAMS 0x00000000c1900000| PB 0x00000000c1900000| Untracked 
|  26|0x00000000c1a00000, 0x00000000c1b00000, 0x00000000c1b00000|100%| O|  |TAMS 0x00000000c1a00000| PB 0x00000000c1a00000| Untracked 
|  27|0x00000000c1b00000, 0x00000000c1c00000, 0x00000000c1c00000|100%| O|  |TAMS 0x00000000c1b00000| PB 0x00000000c1b00000| Untracked 
|  28|0x00000000c1c00000, 0x00000000c1d00000, 0x00000000c1d00000|100%| O|  |TAMS 0x00000000c1c00000| PB 0x00000000c1c00000| Untracked 
|  29|0x00000000c1d00000, 0x00000000c1e00000, 0x00000000c1e00000|100%| O|  |TAMS 0x00000000c1d00000| PB 0x00000000c1d00000| Untracked 
|  30|0x00000000c1e00000, 0x00000000c1f00000, 0x00000000c1f00000|100%| O|  |TAMS 0x00000000c1e00000| PB 0x00000000c1e00000| Untracked 
|  31|0x00000000c1f00000, 0x00000000c2000000, 0x00000000c2000000|100%| O|  |TAMS 0x00000000c1f00000| PB 0x00000000c1f00000| Untracked 
|  32|0x00000000c2000000, 0x00000000c2100000, 0x00000000c2100000|100%| O|  |TAMS 0x00000000c2000000| PB 0x00000000c2000000| Untracked 
|  33|0x00000000c2100000, 0x00000000c2200000, 0x00000000c2200000|100%| O|  |TAMS 0x00000000c2100000| PB 0x00000000c2100000| Untracked 
|  34|0x00000000c2200000, 0x00000000c2300000, 0x00000000c2300000|100%| O|  |TAMS 0x00000000c2200000| PB 0x00000000c2200000| Untracked 
|  35|0x00000000c2300000, 0x00000000c2400000, 0x00000000c2400000|100%| O|  |TAMS 0x00000000c2300000| PB 0x00000000c2300000| Untracked 
|  36|0x00000000c2400000, 0x00000000c2500000, 0x00000000c2500000|100%| O|  |TAMS 0x00000000c2400000| PB 0x00000000c2400000| Untracked 
|  37|0x00000000c2500000, 0x00000000c2600000, 0x00000000c2600000|100%| O|  |TAMS 0x00000000c2500000| PB 0x00000000c2500000| Untracked 
|  38|0x00000000c2600000, 0x00000000c2700000, 0x00000000c2700000|100%| O|  |TAMS 0x00000000c2600000| PB 0x00000000c2600000| Untracked 
|  39|0x00000000c2700000, 0x00000000c2800000, 0x00000000c2800000|100%| O|  |TAMS 0x00000000c2700000| PB 0x00000000c2700000| Untracked 
|  40|0x00000000c2800000, 0x00000000c2900000, 0x00000000c2900000|100%| O|  |TAMS 0x00000000c2800000| PB 0x00000000c2800000| Untracked 
|  41|0x00000000c2900000, 0x00000000c2a00000, 0x00000000c2a00000|100%| O|  |TAMS 0x00000000c2900000| PB 0x00000000c2900000| Untracked 
|  42|0x00000000c2a00000, 0x00000000c2b00000, 0x00000000c2b00000|100%| O|  |TAMS 0x00000000c2a00000| PB 0x00000000c2a00000| Untracked 
|  43|0x00000000c2b00000, 0x00000000c2c00000, 0x00000000c2c00000|100%| O|  |TAMS 0x00000000c2b00000| PB 0x00000000c2b00000| Untracked 
|  44|0x00000000c2c00000, 0x00000000c2d00000, 0x00000000c2d00000|100%| O|  |TAMS 0x00000000c2c00000| PB 0x00000000c2c00000| Untracked 
|  45|0x00000000c2d00000, 0x00000000c2e00000, 0x00000000c2e00000|100%| O|  |TAMS 0x00000000c2d00000| PB 0x00000000c2d00000| Untracked 
|  46|0x00000000c2e00000, 0x00000000c2e131d0, 0x00000000c2f00000|  7%| O|  |TAMS 0x00000000c2e00000| PB 0x00000000c2e00000| Untracked 
|  47|0x00000000c2f00000, 0x00000000c2f00000, 0x00000000c3000000|  0%| F|  |TAMS 0x00000000c2f00000| PB 0x00000000c2f00000| Untracked 
|  48|0x00000000c3000000, 0x00000000c3000000, 0x00000000c3100000|  0%| F|  |TAMS 0x00000000c3000000| PB 0x00000000c3000000| Untracked 
|  49|0x00000000c3100000, 0x00000000c3100000, 0x00000000c3200000|  0%| F|  |TAMS 0x00000000c3100000| PB 0x00000000c3100000| Untracked 
|  50|0x00000000c3200000, 0x00000000c3200000, 0x00000000c3300000|  0%| F|  |TAMS 0x00000000c3200000| PB 0x00000000c3200000| Untracked 
|  51|0x00000000c3300000, 0x00000000c3300000, 0x00000000c3400000|  0%| F|  |TAMS 0x00000000c3300000| PB 0x00000000c3300000| Untracked 
|  52|0x00000000c3400000, 0x00000000c3400000, 0x00000000c3500000|  0%| F|  |TAMS 0x00000000c3400000| PB 0x00000000c3400000| Untracked 
|  53|0x00000000c3500000, 0x00000000c3500000, 0x00000000c3600000|  0%| F|  |TAMS 0x00000000c3500000| PB 0x00000000c3500000| Untracked 
|  54|0x00000000c3600000, 0x00000000c3600000, 0x00000000c3700000|  0%| F|  |TAMS 0x00000000c3600000| PB 0x00000000c3600000| Untracked 
|  55|0x00000000c3700000, 0x00000000c3700000, 0x00000000c3800000|  0%| F|  |TAMS 0x00000000c3700000| PB 0x00000000c3700000| Untracked 
|  56|0x00000000c3800000, 0x00000000c3800000, 0x00000000c3900000|  0%| F|  |TAMS 0x00000000c3800000| PB 0x00000000c3800000| Untracked 
|  57|0x00000000c3900000, 0x00000000c3900000, 0x00000000c3a00000|  0%| F|  |TAMS 0x00000000c3900000| PB 0x00000000c3900000| Untracked 
|  58|0x00000000c3a00000, 0x00000000c3a00000, 0x00000000c3b00000|  0%| F|  |TAMS 0x00000000c3a00000| PB 0x00000000c3a00000| Untracked 
|  59|0x00000000c3b00000, 0x00000000c3b00000, 0x00000000c3c00000|  0%| F|  |TAMS 0x00000000c3b00000| PB 0x00000000c3b00000| Untracked 
|  60|0x00000000c3c00000, 0x00000000c3c00000, 0x00000000c3d00000|  0%| F|  |TAMS 0x00000000c3c00000| PB 0x00000000c3c00000| Untracked 
|  61|0x00000000c3d00000, 0x00000000c3d00000, 0x00000000c3e00000|  0%| F|  |TAMS 0x00000000c3d00000| PB 0x00000000c3d00000| Untracked 
|  62|0x00000000c3e00000, 0x00000000c3e00000, 0x00000000c3f00000|  0%| F|  |TAMS 0x00000000c3e00000| PB 0x00000000c3e00000| Untracked 
|  63|0x00000000c3f00000, 0x00000000c3f00000, 0x00000000c4000000|  0%| F|  |TAMS 0x00000000c3f00000| PB 0x00000000c3f00000| Untracked 
|  64|0x00000000c4000000, 0x00000000c4000000, 0x00000000c4100000|  0%| F|  |TAMS 0x00000000c4000000| PB 0x00000000c4000000| Untracked 
|  65|0x00000000c4100000, 0x00000000c4100000, 0x00000000c4200000|  0%| F|  |TAMS 0x00000000c4100000| PB 0x00000000c4100000| Untracked 
|  66|0x00000000c4200000, 0x00000000c4200000, 0x00000000c4300000|  0%| F|  |TAMS 0x00000000c4200000| PB 0x00000000c4200000| Untracked 
|  67|0x00000000c4300000, 0x00000000c4300000, 0x00000000c4400000|  0%| F|  |TAMS 0x00000000c4300000| PB 0x00000000c4300000| Untracked 
|  68|0x00000000c4400000, 0x00000000c4400000, 0x00000000c4500000|  0%| F|  |TAMS 0x00000000c4400000| PB 0x00000000c4400000| Untracked 
|  69|0x00000000c4500000, 0x00000000c4500000, 0x00000000c4600000|  0%| F|  |TAMS 0x00000000c4500000| PB 0x00000000c4500000| Untracked 
|  70|0x00000000c4600000, 0x00000000c4600000, 0x00000000c4700000|  0%| F|  |TAMS 0x00000000c4600000| PB 0x00000000c4600000| Untracked 
|  71|0x00000000c4700000, 0x00000000c4700000, 0x00000000c4800000|  0%| F|  |TAMS 0x00000000c4700000| PB 0x00000000c4700000| Untracked 
|  72|0x00000000c4800000, 0x00000000c4800000, 0x00000000c4900000|  0%| F|  |TAMS 0x00000000c4800000| PB 0x00000000c4800000| Untracked 
|  73|0x00000000c4900000, 0x00000000c4900000, 0x00000000c4a00000|  0%| F|  |TAMS 0x00000000c4900000| PB 0x00000000c4900000| Untracked 
|  74|0x00000000c4a00000, 0x00000000c4a00000, 0x00000000c4b00000|  0%| F|  |TAMS 0x00000000c4a00000| PB 0x00000000c4a00000| Untracked 
|  75|0x00000000c4b00000, 0x00000000c4b00000, 0x00000000c4c00000|  0%| F|  |TAMS 0x00000000c4b00000| PB 0x00000000c4b00000| Untracked 
|  76|0x00000000c4c00000, 0x00000000c4c00000, 0x00000000c4d00000|  0%| F|  |TAMS 0x00000000c4c00000| PB 0x00000000c4c00000| Untracked 
|  77|0x00000000c4d00000, 0x00000000c4d00000, 0x00000000c4e00000|  0%| F|  |TAMS 0x00000000c4d00000| PB 0x00000000c4d00000| Untracked 
|  78|0x00000000c4e00000, 0x00000000c4e00000, 0x00000000c4f00000|  0%| F|  |TAMS 0x00000000c4e00000| PB 0x00000000c4e00000| Untracked 
|  79|0x00000000c4f00000, 0x00000000c4f00000, 0x00000000c5000000|  0%| F|  |TAMS 0x00000000c4f00000| PB 0x00000000c4f00000| Untracked 
|  80|0x00000000c5000000, 0x00000000c5000000, 0x00000000c5100000|  0%| F|  |TAMS 0x00000000c5000000| PB 0x00000000c5000000| Untracked 
|  81|0x00000000c5100000, 0x00000000c5100000, 0x00000000c5200000|  0%| F|  |TAMS 0x00000000c5100000| PB 0x00000000c5100000| Untracked 
|  82|0x00000000c5200000, 0x00000000c5200000, 0x00000000c5300000|  0%| F|  |TAMS 0x00000000c5200000| PB 0x00000000c5200000| Untracked 
|  83|0x00000000c5300000, 0x00000000c5300000, 0x00000000c5400000|  0%| F|  |TAMS 0x00000000c5300000| PB 0x00000000c5300000| Untracked 
|  84|0x00000000c5400000, 0x00000000c5400000, 0x00000000c5500000|  0%| F|  |TAMS 0x00000000c5400000| PB 0x00000000c5400000| Untracked 
|  85|0x00000000c5500000, 0x00000000c5500000, 0x00000000c5600000|  0%| F|  |TAMS 0x00000000c5500000| PB 0x00000000c5500000| Untracked 
|  86|0x00000000c5600000, 0x00000000c5600000, 0x00000000c5700000|  0%| F|  |TAMS 0x00000000c5600000| PB 0x00000000c5600000| Untracked 
|  87|0x00000000c5700000, 0x00000000c5700000, 0x00000000c5800000|  0%| F|  |TAMS 0x00000000c5700000| PB 0x00000000c5700000| Untracked 
|  88|0x00000000c5800000, 0x00000000c5800000, 0x00000000c5900000|  0%| F|  |TAMS 0x00000000c5800000| PB 0x00000000c5800000| Untracked 
|  89|0x00000000c5900000, 0x00000000c5900000, 0x00000000c5a00000|  0%| F|  |TAMS 0x00000000c5900000| PB 0x00000000c5900000| Untracked 
|  90|0x00000000c5a00000, 0x00000000c5a00000, 0x00000000c5b00000|  0%| F|  |TAMS 0x00000000c5a00000| PB 0x00000000c5a00000| Untracked 
|  91|0x00000000c5b00000, 0x00000000c5b00000, 0x00000000c5c00000|  0%| F|  |TAMS 0x00000000c5b00000| PB 0x00000000c5b00000| Untracked 
|  92|0x00000000c5c00000, 0x00000000c5c00000, 0x00000000c5d00000|  0%| F|  |TAMS 0x00000000c5c00000| PB 0x00000000c5c00000| Untracked 
|  93|0x00000000c5d00000, 0x00000000c5d00000, 0x00000000c5e00000|  0%| F|  |TAMS 0x00000000c5d00000| PB 0x00000000c5d00000| Untracked 
|  94|0x00000000c5e00000, 0x00000000c5e00000, 0x00000000c5f00000|  0%| F|  |TAMS 0x00000000c5e00000| PB 0x00000000c5e00000| Untracked 
|  95|0x00000000c5f00000, 0x00000000c5f00000, 0x00000000c6000000|  0%| F|  |TAMS 0x00000000c5f00000| PB 0x00000000c5f00000| Untracked 
|  96|0x00000000c6000000, 0x00000000c6000000, 0x00000000c6100000|  0%| F|  |TAMS 0x00000000c6000000| PB 0x00000000c6000000| Untracked 
|  97|0x00000000c6100000, 0x00000000c6100000, 0x00000000c6200000|  0%| F|  |TAMS 0x00000000c6100000| PB 0x00000000c6100000| Untracked 
|  98|0x00000000c6200000, 0x00000000c6200000, 0x00000000c6300000|  0%| F|  |TAMS 0x00000000c6200000| PB 0x00000000c6200000| Untracked 
|  99|0x00000000c6300000, 0x00000000c6300000, 0x00000000c6400000|  0%| F|  |TAMS 0x00000000c6300000| PB 0x00000000c6300000| Untracked 
| 100|0x00000000c6400000, 0x00000000c6400000, 0x00000000c6500000|  0%| F|  |TAMS 0x00000000c6400000| PB 0x00000000c6400000| Untracked 
| 101|0x00000000c6500000, 0x00000000c6500000, 0x00000000c6600000|  0%| F|  |TAMS 0x00000000c6500000| PB 0x00000000c6500000| Untracked 
| 102|0x00000000c6600000, 0x00000000c6600000, 0x00000000c6700000|  0%| F|  |TAMS 0x00000000c6600000| PB 0x00000000c6600000| Untracked 
| 103|0x00000000c6700000, 0x00000000c6700000, 0x00000000c6800000|  0%| F|  |TAMS 0x00000000c6700000| PB 0x00000000c6700000| Untracked 
| 104|0x00000000c6800000, 0x00000000c6800000, 0x00000000c6900000|  0%| F|  |TAMS 0x00000000c6800000| PB 0x00000000c6800000| Untracked 
| 105|0x00000000c6900000, 0x00000000c6900000, 0x00000000c6a00000|  0%| F|  |TAMS 0x00000000c6900000| PB 0x00000000c6900000| Untracked 
| 106|0x00000000c6a00000, 0x00000000c6a00000, 0x00000000c6b00000|  0%| F|  |TAMS 0x00000000c6a00000| PB 0x00000000c6a00000| Untracked 
| 107|0x00000000c6b00000, 0x00000000c6b00000, 0x00000000c6c00000|  0%| F|  |TAMS 0x00000000c6b00000| PB 0x00000000c6b00000| Untracked 
| 108|0x00000000c6c00000, 0x00000000c6c00000, 0x00000000c6d00000|  0%| F|  |TAMS 0x00000000c6c00000| PB 0x00000000c6c00000| Untracked 
| 109|0x00000000c6d00000, 0x00000000c6d00000, 0x00000000c6e00000|  0%| F|  |TAMS 0x00000000c6d00000| PB 0x00000000c6d00000| Untracked 
| 110|0x00000000c6e00000, 0x00000000c6e00000, 0x00000000c6f00000|  0%| F|  |TAMS 0x00000000c6e00000| PB 0x00000000c6e00000| Untracked 
| 111|0x00000000c6f00000, 0x00000000c6f00000, 0x00000000c7000000|  0%| F|  |TAMS 0x00000000c6f00000| PB 0x00000000c6f00000| Untracked 
| 112|0x00000000c7000000, 0x00000000c7000000, 0x00000000c7100000|  0%| F|  |TAMS 0x00000000c7000000| PB 0x00000000c7000000| Untracked 
| 113|0x00000000c7100000, 0x00000000c7100000, 0x00000000c7200000|  0%| F|  |TAMS 0x00000000c7100000| PB 0x00000000c7100000| Untracked 
| 114|0x00000000c7200000, 0x00000000c7200000, 0x00000000c7300000|  0%| F|  |TAMS 0x00000000c7200000| PB 0x00000000c7200000| Untracked 
| 115|0x00000000c7300000, 0x00000000c7300000, 0x00000000c7400000|  0%| F|  |TAMS 0x00000000c7300000| PB 0x00000000c7300000| Untracked 
| 116|0x00000000c7400000, 0x00000000c7400000, 0x00000000c7500000|  0%| F|  |TAMS 0x00000000c7400000| PB 0x00000000c7400000| Untracked 
| 117|0x00000000c7500000, 0x00000000c7500000, 0x00000000c7600000|  0%| F|  |TAMS 0x00000000c7500000| PB 0x00000000c7500000| Untracked 
| 118|0x00000000c7600000, 0x00000000c7600000, 0x00000000c7700000|  0%| F|  |TAMS 0x00000000c7600000| PB 0x00000000c7600000| Untracked 
| 119|0x00000000c7700000, 0x00000000c7700000, 0x00000000c7800000|  0%| F|  |TAMS 0x00000000c7700000| PB 0x00000000c7700000| Untracked 
| 120|0x00000000c7800000, 0x00000000c7880000, 0x00000000c7900000| 50%| S|CS|TAMS 0x00000000c7800000| PB 0x00000000c7800000| Complete 
| 121|0x00000000c7900000, 0x00000000c7a00000, 0x00000000c7a00000|100%| S|CS|TAMS 0x00000000c7900000| PB 0x00000000c7900000| Complete 
| 122|0x00000000c7a00000, 0x00000000c7b00000, 0x00000000c7b00000|100%| S|CS|TAMS 0x00000000c7a00000| PB 0x00000000c7a00000| Complete 
| 123|0x00000000c7b00000, 0x00000000c7c00000, 0x00000000c7c00000|100%| S|CS|TAMS 0x00000000c7b00000| PB 0x00000000c7b00000| Complete 
| 124|0x00000000c7c00000, 0x00000000c7d00000, 0x00000000c7d00000|100%| S|CS|TAMS 0x00000000c7c00000| PB 0x00000000c7c00000| Complete 
| 125|0x00000000c7d00000, 0x00000000c7e00000, 0x00000000c7e00000|100%| S|CS|TAMS 0x00000000c7d00000| PB 0x00000000c7d00000| Complete 
| 126|0x00000000c7e00000, 0x00000000c7f00000, 0x00000000c7f00000|100%| S|CS|TAMS 0x00000000c7e00000| PB 0x00000000c7e00000| Complete 
| 127|0x00000000c7f00000, 0x00000000c8000000, 0x00000000c8000000|100%| S|CS|TAMS 0x00000000c7f00000| PB 0x00000000c7f00000| Complete 
| 128|0x00000000c8000000, 0x00000000c8100000, 0x00000000c8100000|100%| S|CS|TAMS 0x00000000c8000000| PB 0x00000000c8000000| Complete 
| 129|0x00000000c8100000, 0x00000000c8200000, 0x00000000c8200000|100%| S|CS|TAMS 0x00000000c8100000| PB 0x00000000c8100000| Complete 
| 130|0x00000000c8200000, 0x00000000c8300000, 0x00000000c8300000|100%| S|CS|TAMS 0x00000000c8200000| PB 0x00000000c8200000| Complete 
| 131|0x00000000c8300000, 0x00000000c8300000, 0x00000000c8400000|  0%| F|  |TAMS 0x00000000c8300000| PB 0x00000000c8300000| Untracked 
| 132|0x00000000c8400000, 0x00000000c8400000, 0x00000000c8500000|  0%| F|  |TAMS 0x00000000c8400000| PB 0x00000000c8400000| Untracked 
| 133|0x00000000c8500000, 0x00000000c8500000, 0x00000000c8600000|  0%| F|  |TAMS 0x00000000c8500000| PB 0x00000000c8500000| Untracked 
| 134|0x00000000c8600000, 0x00000000c8600000, 0x00000000c8700000|  0%| F|  |TAMS 0x00000000c8600000| PB 0x00000000c8600000| Untracked 
| 135|0x00000000c8700000, 0x00000000c8700000, 0x00000000c8800000|  0%| F|  |TAMS 0x00000000c8700000| PB 0x00000000c8700000| Untracked 
| 136|0x00000000c8800000, 0x00000000c8800000, 0x00000000c8900000|  0%| F|  |TAMS 0x00000000c8800000| PB 0x00000000c8800000| Untracked 
| 137|0x00000000c8900000, 0x00000000c8900000, 0x00000000c8a00000|  0%| F|  |TAMS 0x00000000c8900000| PB 0x00000000c8900000| Untracked 
| 138|0x00000000c8a00000, 0x00000000c8a00000, 0x00000000c8b00000|  0%| F|  |TAMS 0x00000000c8a00000| PB 0x00000000c8a00000| Untracked 
| 139|0x00000000c8b00000, 0x00000000c8b00000, 0x00000000c8c00000|  0%| F|  |TAMS 0x00000000c8b00000| PB 0x00000000c8b00000| Untracked 
| 140|0x00000000c8c00000, 0x00000000c8c00000, 0x00000000c8d00000|  0%| F|  |TAMS 0x00000000c8c00000| PB 0x00000000c8c00000| Untracked 
| 141|0x00000000c8d00000, 0x00000000c8e00000, 0x00000000c8e00000|100%| S|CS|TAMS 0x00000000c8d00000| PB 0x00000000c8d00000| Complete 
| 142|0x00000000c8e00000, 0x00000000c8e00000, 0x00000000c8f00000|  0%| F|  |TAMS 0x00000000c8e00000| PB 0x00000000c8e00000| Untracked 
| 143|0x00000000c8f00000, 0x00000000c8f00000, 0x00000000c9000000|  0%| F|  |TAMS 0x00000000c8f00000| PB 0x00000000c8f00000| Untracked 
| 144|0x00000000c9000000, 0x00000000c9100000, 0x00000000c9100000|100%| S|CS|TAMS 0x00000000c9000000| PB 0x00000000c9000000| Complete 
| 145|0x00000000c9100000, 0x00000000c9100000, 0x00000000c9200000|  0%| F|  |TAMS 0x00000000c9100000| PB 0x00000000c9100000| Untracked 
| 146|0x00000000c9200000, 0x00000000c9200000, 0x00000000c9300000|  0%| F|  |TAMS 0x00000000c9200000| PB 0x00000000c9200000| Untracked 
| 147|0x00000000c9300000, 0x00000000c9300000, 0x00000000c9400000|  0%| F|  |TAMS 0x00000000c9300000| PB 0x00000000c9300000| Untracked 
| 148|0x00000000c9400000, 0x00000000c9400000, 0x00000000c9500000|  0%| F|  |TAMS 0x00000000c9400000| PB 0x00000000c9400000| Untracked 
| 149|0x00000000c9500000, 0x00000000c9500000, 0x00000000c9600000|  0%| F|  |TAMS 0x00000000c9500000| PB 0x00000000c9500000| Untracked 
| 150|0x00000000c9600000, 0x00000000c9600000, 0x00000000c9700000|  0%| F|  |TAMS 0x00000000c9600000| PB 0x00000000c9600000| Untracked 
| 151|0x00000000c9700000, 0x00000000c9700000, 0x00000000c9800000|  0%| F|  |TAMS 0x00000000c9700000| PB 0x00000000c9700000| Untracked 
| 152|0x00000000c9800000, 0x00000000c9800000, 0x00000000c9900000|  0%| F|  |TAMS 0x00000000c9800000| PB 0x00000000c9800000| Untracked 
| 153|0x00000000c9900000, 0x00000000c9900000, 0x00000000c9a00000|  0%| F|  |TAMS 0x00000000c9900000| PB 0x00000000c9900000| Untracked 
| 154|0x00000000c9a00000, 0x00000000c9a00000, 0x00000000c9b00000|  0%| F|  |TAMS 0x00000000c9a00000| PB 0x00000000c9a00000| Untracked 
| 155|0x00000000c9b00000, 0x00000000c9b00000, 0x00000000c9c00000|  0%| F|  |TAMS 0x00000000c9b00000| PB 0x00000000c9b00000| Untracked 
| 156|0x00000000c9c00000, 0x00000000c9c00000, 0x00000000c9d00000|  0%| F|  |TAMS 0x00000000c9c00000| PB 0x00000000c9c00000| Untracked 
| 157|0x00000000c9d00000, 0x00000000c9d00000, 0x00000000c9e00000|  0%| F|  |TAMS 0x00000000c9d00000| PB 0x00000000c9d00000| Untracked 
| 158|0x00000000c9e00000, 0x00000000c9e00000, 0x00000000c9f00000|  0%| F|  |TAMS 0x00000000c9e00000| PB 0x00000000c9e00000| Untracked 
| 159|0x00000000c9f00000, 0x00000000c9f00000, 0x00000000ca000000|  0%| F|  |TAMS 0x00000000c9f00000| PB 0x00000000c9f00000| Untracked 
| 160|0x00000000ca000000, 0x00000000ca000000, 0x00000000ca100000|  0%| F|  |TAMS 0x00000000ca000000| PB 0x00000000ca000000| Untracked 
| 161|0x00000000ca100000, 0x00000000ca100000, 0x00000000ca200000|  0%| F|  |TAMS 0x00000000ca100000| PB 0x00000000ca100000| Untracked 
| 162|0x00000000ca200000, 0x00000000ca200000, 0x00000000ca300000|  0%| F|  |TAMS 0x00000000ca200000| PB 0x00000000ca200000| Untracked 
| 163|0x00000000ca300000, 0x00000000ca300000, 0x00000000ca400000|  0%| F|  |TAMS 0x00000000ca300000| PB 0x00000000ca300000| Untracked 
| 164|0x00000000ca400000, 0x00000000ca400000, 0x00000000ca500000|  0%| F|  |TAMS 0x00000000ca400000| PB 0x00000000ca400000| Untracked 
| 165|0x00000000ca500000, 0x00000000ca500000, 0x00000000ca600000|  0%| F|  |TAMS 0x00000000ca500000| PB 0x00000000ca500000| Untracked 
| 166|0x00000000ca600000, 0x00000000ca600000, 0x00000000ca700000|  0%| F|  |TAMS 0x00000000ca600000| PB 0x00000000ca600000| Untracked 
| 167|0x00000000ca700000, 0x00000000ca700000, 0x00000000ca800000|  0%| F|  |TAMS 0x00000000ca700000| PB 0x00000000ca700000| Untracked 
| 168|0x00000000ca800000, 0x00000000ca800000, 0x00000000ca900000|  0%| F|  |TAMS 0x00000000ca800000| PB 0x00000000ca800000| Untracked 
| 169|0x00000000ca900000, 0x00000000ca900000, 0x00000000caa00000|  0%| F|  |TAMS 0x00000000ca900000| PB 0x00000000ca900000| Untracked 
| 170|0x00000000caa00000, 0x00000000caa00000, 0x00000000cab00000|  0%| F|  |TAMS 0x00000000caa00000| PB 0x00000000caa00000| Untracked 
| 171|0x00000000cab00000, 0x00000000cab00000, 0x00000000cac00000|  0%| F|  |TAMS 0x00000000cab00000| PB 0x00000000cab00000| Untracked 
| 172|0x00000000cac00000, 0x00000000cac00000, 0x00000000cad00000|  0%| F|  |TAMS 0x00000000cac00000| PB 0x00000000cac00000| Untracked 
| 173|0x00000000cad00000, 0x00000000cad00000, 0x00000000cae00000|  0%| F|  |TAMS 0x00000000cad00000| PB 0x00000000cad00000| Untracked 
| 174|0x00000000cae00000, 0x00000000cae00000, 0x00000000caf00000|  0%| F|  |TAMS 0x00000000cae00000| PB 0x00000000cae00000| Untracked 
| 175|0x00000000caf00000, 0x00000000caf00000, 0x00000000cb000000|  0%| F|  |TAMS 0x00000000caf00000| PB 0x00000000caf00000| Untracked 
| 176|0x00000000cb000000, 0x00000000cb000000, 0x00000000cb100000|  0%| F|  |TAMS 0x00000000cb000000| PB 0x00000000cb000000| Untracked 
| 177|0x00000000cb100000, 0x00000000cb100000, 0x00000000cb200000|  0%| F|  |TAMS 0x00000000cb100000| PB 0x00000000cb100000| Untracked 
| 178|0x00000000cb200000, 0x00000000cb200000, 0x00000000cb300000|  0%| F|  |TAMS 0x00000000cb200000| PB 0x00000000cb200000| Untracked 
| 179|0x00000000cb300000, 0x00000000cb300000, 0x00000000cb400000|  0%| F|  |TAMS 0x00000000cb300000| PB 0x00000000cb300000| Untracked 
| 180|0x00000000cb400000, 0x00000000cb400000, 0x00000000cb500000|  0%| F|  |TAMS 0x00000000cb400000| PB 0x00000000cb400000| Untracked 
| 181|0x00000000cb500000, 0x00000000cb500000, 0x00000000cb600000|  0%| F|  |TAMS 0x00000000cb500000| PB 0x00000000cb500000| Untracked 
| 182|0x00000000cb600000, 0x00000000cb600000, 0x00000000cb700000|  0%| F|  |TAMS 0x00000000cb600000| PB 0x00000000cb600000| Untracked 
| 183|0x00000000cb700000, 0x00000000cb700000, 0x00000000cb800000|  0%| F|  |TAMS 0x00000000cb700000| PB 0x00000000cb700000| Untracked 
| 184|0x00000000cb800000, 0x00000000cb800000, 0x00000000cb900000|  0%| F|  |TAMS 0x00000000cb800000| PB 0x00000000cb800000| Untracked 
| 185|0x00000000cb900000, 0x00000000cb900000, 0x00000000cba00000|  0%| F|  |TAMS 0x00000000cb900000| PB 0x00000000cb900000| Untracked 
| 186|0x00000000cba00000, 0x00000000cba00000, 0x00000000cbb00000|  0%| F|  |TAMS 0x00000000cba00000| PB 0x00000000cba00000| Untracked 
| 187|0x00000000cbb00000, 0x00000000cbb00000, 0x00000000cbc00000|  0%| F|  |TAMS 0x00000000cbb00000| PB 0x00000000cbb00000| Untracked 
| 188|0x00000000cbc00000, 0x00000000cbc00000, 0x00000000cbd00000|  0%| F|  |TAMS 0x00000000cbc00000| PB 0x00000000cbc00000| Untracked 
| 189|0x00000000cbd00000, 0x00000000cbd00000, 0x00000000cbe00000|  0%| F|  |TAMS 0x00000000cbd00000| PB 0x00000000cbd00000| Untracked 
| 190|0x00000000cbe00000, 0x00000000cbe00000, 0x00000000cbf00000|  0%| F|  |TAMS 0x00000000cbe00000| PB 0x00000000cbe00000| Untracked 
| 191|0x00000000cbf00000, 0x00000000cbf00000, 0x00000000cc000000|  0%| F|  |TAMS 0x00000000cbf00000| PB 0x00000000cbf00000| Untracked 
| 192|0x00000000cc000000, 0x00000000cc000000, 0x00000000cc100000|  0%| F|  |TAMS 0x00000000cc000000| PB 0x00000000cc000000| Untracked 
| 193|0x00000000cc100000, 0x00000000cc100000, 0x00000000cc200000|  0%| F|  |TAMS 0x00000000cc100000| PB 0x00000000cc100000| Untracked 
| 194|0x00000000cc200000, 0x00000000cc200000, 0x00000000cc300000|  0%| F|  |TAMS 0x00000000cc200000| PB 0x00000000cc200000| Untracked 
| 195|0x00000000cc300000, 0x00000000cc300000, 0x00000000cc400000|  0%| F|  |TAMS 0x00000000cc300000| PB 0x00000000cc300000| Untracked 
| 196|0x00000000cc400000, 0x00000000cc400000, 0x00000000cc500000|  0%| F|  |TAMS 0x00000000cc400000| PB 0x00000000cc400000| Untracked 
| 197|0x00000000cc500000, 0x00000000cc500000, 0x00000000cc600000|  0%| F|  |TAMS 0x00000000cc500000| PB 0x00000000cc500000| Untracked 
| 198|0x00000000cc600000, 0x00000000cc600000, 0x00000000cc700000|  0%| F|  |TAMS 0x00000000cc600000| PB 0x00000000cc600000| Untracked 
| 199|0x00000000cc700000, 0x00000000cc700000, 0x00000000cc800000|  0%| F|  |TAMS 0x00000000cc700000| PB 0x00000000cc700000| Untracked 
| 200|0x00000000cc800000, 0x00000000cc800000, 0x00000000cc900000|  0%| F|  |TAMS 0x00000000cc800000| PB 0x00000000cc800000| Untracked 
| 201|0x00000000cc900000, 0x00000000cc900000, 0x00000000cca00000|  0%| F|  |TAMS 0x00000000cc900000| PB 0x00000000cc900000| Untracked 
| 202|0x00000000cca00000, 0x00000000cca00000, 0x00000000ccb00000|  0%| F|  |TAMS 0x00000000cca00000| PB 0x00000000cca00000| Untracked 
| 203|0x00000000ccb00000, 0x00000000ccb00000, 0x00000000ccc00000|  0%| F|  |TAMS 0x00000000ccb00000| PB 0x00000000ccb00000| Untracked 
| 204|0x00000000ccc00000, 0x00000000ccc00000, 0x00000000ccd00000|  0%| F|  |TAMS 0x00000000ccc00000| PB 0x00000000ccc00000| Untracked 
| 205|0x00000000ccd00000, 0x00000000ccd00000, 0x00000000cce00000|  0%| F|  |TAMS 0x00000000ccd00000| PB 0x00000000ccd00000| Untracked 
| 206|0x00000000cce00000, 0x00000000cce00000, 0x00000000ccf00000|  0%| F|  |TAMS 0x00000000cce00000| PB 0x00000000cce00000| Untracked 
| 207|0x00000000ccf00000, 0x00000000ccf00000, 0x00000000cd000000|  0%| F|  |TAMS 0x00000000ccf00000| PB 0x00000000ccf00000| Untracked 
| 208|0x00000000cd000000, 0x00000000cd000000, 0x00000000cd100000|  0%| F|  |TAMS 0x00000000cd000000| PB 0x00000000cd000000| Untracked 
| 209|0x00000000cd100000, 0x00000000cd100000, 0x00000000cd200000|  0%| F|  |TAMS 0x00000000cd100000| PB 0x00000000cd100000| Untracked 
| 210|0x00000000cd200000, 0x00000000cd200000, 0x00000000cd300000|  0%| F|  |TAMS 0x00000000cd200000| PB 0x00000000cd200000| Untracked 
| 211|0x00000000cd300000, 0x00000000cd300000, 0x00000000cd400000|  0%| F|  |TAMS 0x00000000cd300000| PB 0x00000000cd300000| Untracked 
| 212|0x00000000cd400000, 0x00000000cd400000, 0x00000000cd500000|  0%| F|  |TAMS 0x00000000cd400000| PB 0x00000000cd400000| Untracked 
| 213|0x00000000cd500000, 0x00000000cd500000, 0x00000000cd600000|  0%| F|  |TAMS 0x00000000cd500000| PB 0x00000000cd500000| Untracked 
| 214|0x00000000cd600000, 0x00000000cd600000, 0x00000000cd700000|  0%| F|  |TAMS 0x00000000cd600000| PB 0x00000000cd600000| Untracked 
| 215|0x00000000cd700000, 0x00000000cd700000, 0x00000000cd800000|  0%| F|  |TAMS 0x00000000cd700000| PB 0x00000000cd700000| Untracked 
| 216|0x00000000cd800000, 0x00000000cd800000, 0x00000000cd900000|  0%| F|  |TAMS 0x00000000cd800000| PB 0x00000000cd800000| Untracked 
| 217|0x00000000cd900000, 0x00000000cd900000, 0x00000000cda00000|  0%| F|  |TAMS 0x00000000cd900000| PB 0x00000000cd900000| Untracked 
| 218|0x00000000cda00000, 0x00000000cda00000, 0x00000000cdb00000|  0%| F|  |TAMS 0x00000000cda00000| PB 0x00000000cda00000| Untracked 
| 219|0x00000000cdb00000, 0x00000000cdb00000, 0x00000000cdc00000|  0%| F|  |TAMS 0x00000000cdb00000| PB 0x00000000cdb00000| Untracked 
| 220|0x00000000cdc00000, 0x00000000cdc00000, 0x00000000cdd00000|  0%| F|  |TAMS 0x00000000cdc00000| PB 0x00000000cdc00000| Untracked 
| 221|0x00000000cdd00000, 0x00000000cdd00000, 0x00000000cde00000|  0%| F|  |TAMS 0x00000000cdd00000| PB 0x00000000cdd00000| Untracked 
| 222|0x00000000cde00000, 0x00000000cde00000, 0x00000000cdf00000|  0%| F|  |TAMS 0x00000000cde00000| PB 0x00000000cde00000| Untracked 
| 223|0x00000000cdf00000, 0x00000000cdf00000, 0x00000000ce000000|  0%| F|  |TAMS 0x00000000cdf00000| PB 0x00000000cdf00000| Untracked 
| 224|0x00000000ce000000, 0x00000000ce000000, 0x00000000ce100000|  0%| F|  |TAMS 0x00000000ce000000| PB 0x00000000ce000000| Untracked 
| 225|0x00000000ce100000, 0x00000000ce100000, 0x00000000ce200000|  0%| F|  |TAMS 0x00000000ce100000| PB 0x00000000ce100000| Untracked 
| 226|0x00000000ce200000, 0x00000000ce200000, 0x00000000ce300000|  0%| F|  |TAMS 0x00000000ce200000| PB 0x00000000ce200000| Untracked 
| 227|0x00000000ce300000, 0x00000000ce300000, 0x00000000ce400000|  0%| F|  |TAMS 0x00000000ce300000| PB 0x00000000ce300000| Untracked 
| 228|0x00000000ce400000, 0x00000000ce400000, 0x00000000ce500000|  0%| F|  |TAMS 0x00000000ce400000| PB 0x00000000ce400000| Untracked 
| 229|0x00000000ce500000, 0x00000000ce500000, 0x00000000ce600000|  0%| F|  |TAMS 0x00000000ce500000| PB 0x00000000ce500000| Untracked 
| 230|0x00000000ce600000, 0x00000000ce600000, 0x00000000ce700000|  0%| F|  |TAMS 0x00000000ce600000| PB 0x00000000ce600000| Untracked 
| 231|0x00000000ce700000, 0x00000000ce700000, 0x00000000ce800000|  0%| F|  |TAMS 0x00000000ce700000| PB 0x00000000ce700000| Untracked 
| 232|0x00000000ce800000, 0x00000000ce800000, 0x00000000ce900000|  0%| F|  |TAMS 0x00000000ce800000| PB 0x00000000ce800000| Untracked 
| 233|0x00000000ce900000, 0x00000000ce900000, 0x00000000cea00000|  0%| F|  |TAMS 0x00000000ce900000| PB 0x00000000ce900000| Untracked 
| 234|0x00000000cea00000, 0x00000000cea00000, 0x00000000ceb00000|  0%| F|  |TAMS 0x00000000cea00000| PB 0x00000000cea00000| Untracked 
| 235|0x00000000ceb00000, 0x00000000ceb00000, 0x00000000cec00000|  0%| F|  |TAMS 0x00000000ceb00000| PB 0x00000000ceb00000| Untracked 
| 236|0x00000000cec00000, 0x00000000cec00000, 0x00000000ced00000|  0%| F|  |TAMS 0x00000000cec00000| PB 0x00000000cec00000| Untracked 
| 237|0x00000000ced00000, 0x00000000ced00000, 0x00000000cee00000|  0%| F|  |TAMS 0x00000000ced00000| PB 0x00000000ced00000| Untracked 
| 238|0x00000000cee00000, 0x00000000cee00000, 0x00000000cef00000|  0%| F|  |TAMS 0x00000000cee00000| PB 0x00000000cee00000| Untracked 
| 239|0x00000000cef00000, 0x00000000cef00000, 0x00000000cf000000|  0%| F|  |TAMS 0x00000000cef00000| PB 0x00000000cef00000| Untracked 
| 240|0x00000000cf000000, 0x00000000cf000000, 0x00000000cf100000|  0%| F|  |TAMS 0x00000000cf000000| PB 0x00000000cf000000| Untracked 
| 241|0x00000000cf100000, 0x00000000cf100000, 0x00000000cf200000|  0%| F|  |TAMS 0x00000000cf100000| PB 0x00000000cf100000| Untracked 
| 242|0x00000000cf200000, 0x00000000cf200000, 0x00000000cf300000|  0%| F|  |TAMS 0x00000000cf200000| PB 0x00000000cf200000| Untracked 
| 243|0x00000000cf300000, 0x00000000cf300000, 0x00000000cf400000|  0%| F|  |TAMS 0x00000000cf300000| PB 0x00000000cf300000| Untracked 
| 244|0x00000000cf400000, 0x00000000cf400000, 0x00000000cf500000|  0%| F|  |TAMS 0x00000000cf400000| PB 0x00000000cf400000| Untracked 
| 245|0x00000000cf500000, 0x00000000cf500000, 0x00000000cf600000|  0%| F|  |TAMS 0x00000000cf500000| PB 0x00000000cf500000| Untracked 
| 246|0x00000000cf600000, 0x00000000cf600000, 0x00000000cf700000|  0%| F|  |TAMS 0x00000000cf600000| PB 0x00000000cf600000| Untracked 
| 247|0x00000000cf700000, 0x00000000cf700000, 0x00000000cf800000|  0%| F|  |TAMS 0x00000000cf700000| PB 0x00000000cf700000| Untracked 
| 248|0x00000000cf800000, 0x00000000cf800000, 0x00000000cf900000|  0%| F|  |TAMS 0x00000000cf800000| PB 0x00000000cf800000| Untracked 
| 249|0x00000000cf900000, 0x00000000cf900000, 0x00000000cfa00000|  0%| F|  |TAMS 0x00000000cf900000| PB 0x00000000cf900000| Untracked 
| 250|0x00000000cfa00000, 0x00000000cfa00000, 0x00000000cfb00000|  0%| F|  |TAMS 0x00000000cfa00000| PB 0x00000000cfa00000| Untracked 
| 251|0x00000000cfb00000, 0x00000000cfb00000, 0x00000000cfc00000|  0%| F|  |TAMS 0x00000000cfb00000| PB 0x00000000cfb00000| Untracked 
| 252|0x00000000cfc00000, 0x00000000cfc00000, 0x00000000cfd00000|  0%| F|  |TAMS 0x00000000cfc00000| PB 0x00000000cfc00000| Untracked 
| 253|0x00000000cfd00000, 0x00000000cfd00000, 0x00000000cfe00000|  0%| F|  |TAMS 0x00000000cfd00000| PB 0x00000000cfd00000| Untracked 
| 254|0x00000000cfe00000, 0x00000000cfe00000, 0x00000000cff00000|  0%| F|  |TAMS 0x00000000cfe00000| PB 0x00000000cfe00000| Untracked 
| 255|0x00000000cff00000, 0x00000000cff00000, 0x00000000d0000000|  0%| F|  |TAMS 0x00000000cff00000| PB 0x00000000cff00000| Untracked 
| 256|0x00000000d0000000, 0x00000000d0000000, 0x00000000d0100000|  0%| F|  |TAMS 0x00000000d0000000| PB 0x00000000d0000000| Untracked 
| 257|0x00000000d0100000, 0x00000000d0100000, 0x00000000d0200000|  0%| F|  |TAMS 0x00000000d0100000| PB 0x00000000d0100000| Untracked 
| 258|0x00000000d0200000, 0x00000000d0200000, 0x00000000d0300000|  0%| F|  |TAMS 0x00000000d0200000| PB 0x00000000d0200000| Untracked 
| 259|0x00000000d0300000, 0x00000000d0300000, 0x00000000d0400000|  0%| F|  |TAMS 0x00000000d0300000| PB 0x00000000d0300000| Untracked 
| 260|0x00000000d0400000, 0x00000000d0400000, 0x00000000d0500000|  0%| F|  |TAMS 0x00000000d0400000| PB 0x00000000d0400000| Untracked 
| 261|0x00000000d0500000, 0x00000000d0500000, 0x00000000d0600000|  0%| F|  |TAMS 0x00000000d0500000| PB 0x00000000d0500000| Untracked 
| 262|0x00000000d0600000, 0x00000000d0600000, 0x00000000d0700000|  0%| F|  |TAMS 0x00000000d0600000| PB 0x00000000d0600000| Untracked 
| 263|0x00000000d0700000, 0x00000000d0700000, 0x00000000d0800000|  0%| F|  |TAMS 0x00000000d0700000| PB 0x00000000d0700000| Untracked 
| 264|0x00000000d0800000, 0x00000000d0800000, 0x00000000d0900000|  0%| F|  |TAMS 0x00000000d0800000| PB 0x00000000d0800000| Untracked 
| 265|0x00000000d0900000, 0x00000000d0900000, 0x00000000d0a00000|  0%| F|  |TAMS 0x00000000d0900000| PB 0x00000000d0900000| Untracked 
| 266|0x00000000d0a00000, 0x00000000d0a00000, 0x00000000d0b00000|  0%| F|  |TAMS 0x00000000d0a00000| PB 0x00000000d0a00000| Untracked 
| 267|0x00000000d0b00000, 0x00000000d0b00000, 0x00000000d0c00000|  0%| F|  |TAMS 0x00000000d0b00000| PB 0x00000000d0b00000| Untracked 
| 268|0x00000000d0c00000, 0x00000000d0c00000, 0x00000000d0d00000|  0%| F|  |TAMS 0x00000000d0c00000| PB 0x00000000d0c00000| Untracked 
| 269|0x00000000d0d00000, 0x00000000d0d00000, 0x00000000d0e00000|  0%| F|  |TAMS 0x00000000d0d00000| PB 0x00000000d0d00000| Untracked 
| 270|0x00000000d0e00000, 0x00000000d0e00000, 0x00000000d0f00000|  0%| F|  |TAMS 0x00000000d0e00000| PB 0x00000000d0e00000| Untracked 
| 271|0x00000000d0f00000, 0x00000000d0f00000, 0x00000000d1000000|  0%| F|  |TAMS 0x00000000d0f00000| PB 0x00000000d0f00000| Untracked 
| 272|0x00000000d1000000, 0x00000000d1000000, 0x00000000d1100000|  0%| F|  |TAMS 0x00000000d1000000| PB 0x00000000d1000000| Untracked 
| 273|0x00000000d1100000, 0x00000000d1100000, 0x00000000d1200000|  0%| F|  |TAMS 0x00000000d1100000| PB 0x00000000d1100000| Untracked 
| 274|0x00000000d1200000, 0x00000000d1200000, 0x00000000d1300000|  0%| F|  |TAMS 0x00000000d1200000| PB 0x00000000d1200000| Untracked 
| 275|0x00000000d1300000, 0x00000000d1300000, 0x00000000d1400000|  0%| F|  |TAMS 0x00000000d1300000| PB 0x00000000d1300000| Untracked 
| 276|0x00000000d1400000, 0x00000000d1400000, 0x00000000d1500000|  0%| F|  |TAMS 0x00000000d1400000| PB 0x00000000d1400000| Untracked 
| 277|0x00000000d1500000, 0x00000000d1500000, 0x00000000d1600000|  0%| F|  |TAMS 0x00000000d1500000| PB 0x00000000d1500000| Untracked 
| 278|0x00000000d1600000, 0x00000000d1600000, 0x00000000d1700000|  0%| F|  |TAMS 0x00000000d1600000| PB 0x00000000d1600000| Untracked 
| 279|0x00000000d1700000, 0x00000000d1700000, 0x00000000d1800000|  0%| F|  |TAMS 0x00000000d1700000| PB 0x00000000d1700000| Untracked 
| 280|0x00000000d1800000, 0x00000000d1800000, 0x00000000d1900000|  0%| F|  |TAMS 0x00000000d1800000| PB 0x00000000d1800000| Untracked 
| 281|0x00000000d1900000, 0x00000000d1900000, 0x00000000d1a00000|  0%| F|  |TAMS 0x00000000d1900000| PB 0x00000000d1900000| Untracked 
| 282|0x00000000d1a00000, 0x00000000d1a00000, 0x00000000d1b00000|  0%| F|  |TAMS 0x00000000d1a00000| PB 0x00000000d1a00000| Untracked 
| 283|0x00000000d1b00000, 0x00000000d1b00000, 0x00000000d1c00000|  0%| F|  |TAMS 0x00000000d1b00000| PB 0x00000000d1b00000| Untracked 
| 284|0x00000000d1c00000, 0x00000000d1c00000, 0x00000000d1d00000|  0%| F|  |TAMS 0x00000000d1c00000| PB 0x00000000d1c00000| Untracked 
| 285|0x00000000d1d00000, 0x00000000d1d00000, 0x00000000d1e00000|  0%| F|  |TAMS 0x00000000d1d00000| PB 0x00000000d1d00000| Untracked 
| 286|0x00000000d1e00000, 0x00000000d1e00000, 0x00000000d1f00000|  0%| F|  |TAMS 0x00000000d1e00000| PB 0x00000000d1e00000| Untracked 
| 287|0x00000000d1f00000, 0x00000000d1f00000, 0x00000000d2000000|  0%| F|  |TAMS 0x00000000d1f00000| PB 0x00000000d1f00000| Untracked 
| 288|0x00000000d2000000, 0x00000000d2000000, 0x00000000d2100000|  0%| F|  |TAMS 0x00000000d2000000| PB 0x00000000d2000000| Untracked 
| 289|0x00000000d2100000, 0x00000000d2100000, 0x00000000d2200000|  0%| F|  |TAMS 0x00000000d2100000| PB 0x00000000d2100000| Untracked 
| 290|0x00000000d2200000, 0x00000000d2200000, 0x00000000d2300000|  0%| F|  |TAMS 0x00000000d2200000| PB 0x00000000d2200000| Untracked 
| 291|0x00000000d2300000, 0x00000000d2300000, 0x00000000d2400000|  0%| F|  |TAMS 0x00000000d2300000| PB 0x00000000d2300000| Untracked 
| 292|0x00000000d2400000, 0x00000000d2400000, 0x00000000d2500000|  0%| F|  |TAMS 0x00000000d2400000| PB 0x00000000d2400000| Untracked 
| 293|0x00000000d2500000, 0x00000000d2500000, 0x00000000d2600000|  0%| F|  |TAMS 0x00000000d2500000| PB 0x00000000d2500000| Untracked 
| 294|0x00000000d2600000, 0x00000000d2600000, 0x00000000d2700000|  0%| F|  |TAMS 0x00000000d2600000| PB 0x00000000d2600000| Untracked 
| 295|0x00000000d2700000, 0x00000000d2700000, 0x00000000d2800000|  0%| F|  |TAMS 0x00000000d2700000| PB 0x00000000d2700000| Untracked 
| 296|0x00000000d2800000, 0x00000000d2800000, 0x00000000d2900000|  0%| F|  |TAMS 0x00000000d2800000| PB 0x00000000d2800000| Untracked 
| 297|0x00000000d2900000, 0x00000000d2900000, 0x00000000d2a00000|  0%| F|  |TAMS 0x00000000d2900000| PB 0x00000000d2900000| Untracked 
| 298|0x00000000d2a00000, 0x00000000d2a00000, 0x00000000d2b00000|  0%| F|  |TAMS 0x00000000d2a00000| PB 0x00000000d2a00000| Untracked 
| 299|0x00000000d2b00000, 0x00000000d2b00000, 0x00000000d2c00000|  0%| F|  |TAMS 0x00000000d2b00000| PB 0x00000000d2b00000| Untracked 
| 300|0x00000000d2c00000, 0x00000000d2c00000, 0x00000000d2d00000|  0%| F|  |TAMS 0x00000000d2c00000| PB 0x00000000d2c00000| Untracked 
| 301|0x00000000d2d00000, 0x00000000d2d00000, 0x00000000d2e00000|  0%| F|  |TAMS 0x00000000d2d00000| PB 0x00000000d2d00000| Untracked 
| 302|0x00000000d2e00000, 0x00000000d2e00000, 0x00000000d2f00000|  0%| F|  |TAMS 0x00000000d2e00000| PB 0x00000000d2e00000| Untracked 
| 303|0x00000000d2f00000, 0x00000000d2f00000, 0x00000000d3000000|  0%| F|  |TAMS 0x00000000d2f00000| PB 0x00000000d2f00000| Untracked 
| 304|0x00000000d3000000, 0x00000000d3000000, 0x00000000d3100000|  0%| F|  |TAMS 0x00000000d3000000| PB 0x00000000d3000000| Untracked 
| 305|0x00000000d3100000, 0x00000000d3100000, 0x00000000d3200000|  0%| F|  |TAMS 0x00000000d3100000| PB 0x00000000d3100000| Untracked 
| 306|0x00000000d3200000, 0x00000000d3200000, 0x00000000d3300000|  0%| F|  |TAMS 0x00000000d3200000| PB 0x00000000d3200000| Untracked 
| 307|0x00000000d3300000, 0x00000000d3300000, 0x00000000d3400000|  0%| F|  |TAMS 0x00000000d3300000| PB 0x00000000d3300000| Untracked 
| 308|0x00000000d3400000, 0x00000000d3400000, 0x00000000d3500000|  0%| F|  |TAMS 0x00000000d3400000| PB 0x00000000d3400000| Untracked 
| 309|0x00000000d3500000, 0x00000000d3500000, 0x00000000d3600000|  0%| F|  |TAMS 0x00000000d3500000| PB 0x00000000d3500000| Untracked 
| 310|0x00000000d3600000, 0x00000000d3600000, 0x00000000d3700000|  0%| F|  |TAMS 0x00000000d3600000| PB 0x00000000d3600000| Untracked 
| 311|0x00000000d3700000, 0x00000000d3700000, 0x00000000d3800000|  0%| F|  |TAMS 0x00000000d3700000| PB 0x00000000d3700000| Untracked 
| 312|0x00000000d3800000, 0x00000000d3800000, 0x00000000d3900000|  0%| F|  |TAMS 0x00000000d3800000| PB 0x00000000d3800000| Untracked 
| 313|0x00000000d3900000, 0x00000000d3900000, 0x00000000d3a00000|  0%| F|  |TAMS 0x00000000d3900000| PB 0x00000000d3900000| Untracked 
| 314|0x00000000d3a00000, 0x00000000d3a00000, 0x00000000d3b00000|  0%| F|  |TAMS 0x00000000d3a00000| PB 0x00000000d3a00000| Untracked 
| 315|0x00000000d3b00000, 0x00000000d3b00000, 0x00000000d3c00000|  0%| F|  |TAMS 0x00000000d3b00000| PB 0x00000000d3b00000| Untracked 
| 316|0x00000000d3c00000, 0x00000000d3c00000, 0x00000000d3d00000|  0%| F|  |TAMS 0x00000000d3c00000| PB 0x00000000d3c00000| Untracked 
| 317|0x00000000d3d00000, 0x00000000d3d00000, 0x00000000d3e00000|  0%| F|  |TAMS 0x00000000d3d00000| PB 0x00000000d3d00000| Untracked 
| 318|0x00000000d3e00000, 0x00000000d3e00000, 0x00000000d3f00000|  0%| F|  |TAMS 0x00000000d3e00000| PB 0x00000000d3e00000| Untracked 
| 319|0x00000000d3f00000, 0x00000000d3f00000, 0x00000000d4000000|  0%| F|  |TAMS 0x00000000d3f00000| PB 0x00000000d3f00000| Untracked 
| 320|0x00000000d4000000, 0x00000000d4000000, 0x00000000d4100000|  0%| F|  |TAMS 0x00000000d4000000| PB 0x00000000d4000000| Untracked 
| 321|0x00000000d4100000, 0x00000000d4100000, 0x00000000d4200000|  0%| F|  |TAMS 0x00000000d4100000| PB 0x00000000d4100000| Untracked 
| 322|0x00000000d4200000, 0x00000000d4200000, 0x00000000d4300000|  0%| F|  |TAMS 0x00000000d4200000| PB 0x00000000d4200000| Untracked 
| 323|0x00000000d4300000, 0x00000000d4300000, 0x00000000d4400000|  0%| F|  |TAMS 0x00000000d4300000| PB 0x00000000d4300000| Untracked 
| 324|0x00000000d4400000, 0x00000000d4400000, 0x00000000d4500000|  0%| F|  |TAMS 0x00000000d4400000| PB 0x00000000d4400000| Untracked 
| 325|0x00000000d4500000, 0x00000000d4500000, 0x00000000d4600000|  0%| F|  |TAMS 0x00000000d4500000| PB 0x00000000d4500000| Untracked 
| 326|0x00000000d4600000, 0x00000000d4600000, 0x00000000d4700000|  0%| F|  |TAMS 0x00000000d4600000| PB 0x00000000d4600000| Untracked 
| 327|0x00000000d4700000, 0x00000000d4700000, 0x00000000d4800000|  0%| F|  |TAMS 0x00000000d4700000| PB 0x00000000d4700000| Untracked 
|1020|0x00000000ffc00000, 0x00000000ffc00000, 0x00000000ffd00000|  0%| F|  |TAMS 0x00000000ffc00000| PB 0x00000000ffc00000| Untracked 
|1021|0x00000000ffd00000, 0x00000000ffd00000, 0x00000000ffe00000|  0%| F|  |TAMS 0x00000000ffd00000| PB 0x00000000ffd00000| Untracked 
|1022|0x00000000ffe00000, 0x00000000fff00000, 0x00000000fff00000|100%| O|  |TAMS 0x00000000ffe00000| PB 0x00000000ffe00000| Untracked 
|1023|0x00000000fff00000, 0x00000000fff00000, 0x0000000100000000|  0%| F|  |TAMS 0x00000000fff00000| PB 0x00000000fff00000| Untracked 

Card table byte_map: [0x00007f22686c4000,0x00007f22688c4000] _byte_map_base: 0x00007f22680c4000

Marking Bits: (CMBitMap*) 0x00007f2280066380
 Bits: [0x00007f22676c4000, 0x00007f22686c4000)

Polling page: 0x00007f2285e8a000

Metaspace:

Usage:
  Non-class:     30.14 MB used.
      Class:      4.88 MB used.
       Both:     35.02 MB used.

Virtual space:
  Non-class space:       64.00 MB reserved,      30.81 MB ( 48%) committed,  1 nodes.
      Class space:      416.00 MB reserved,       5.56 MB (  1%) committed,  1 nodes.
             Both:      480.00 MB reserved,      36.38 MB (  8%) committed. 

Chunk freelists:
   Non-Class:  720.00 KB
       Class:  10.36 MB
        Both:  11.06 MB

MaxMetaspaceSize: 512.00 MB
CompressedClassSpaceSize: 416.00 MB
Initial GC threshold: 21.00 MB
Current GC threshold: 60.12 MB
CDS: on
 - commit_granule_bytes: 65536.
 - commit_granule_words: 8192.
 - virtual_space_node_default_size: 8388608.
 - enlarge_chunks_in_place: 1.
 - use_allocation_guard: 0.


Internal statistics:

num_allocs_failed_limit: 6.
num_arena_births: 2262.
num_arena_deaths: 0.
num_vsnodes_births: 2.
num_vsnodes_deaths: 0.
num_space_committed: 582.
num_space_uncommitted: 0.
num_chunks_returned_to_freelist: 6.
num_chunks_taken_from_freelist: 3879.
num_chunk_merges: 6.
num_chunk_splits: 2525.
num_chunks_enlarged: 1536.
num_inconsistent_stats: 0.

CodeHeap 'non-profiled nmethods': size=120036Kb used=3996Kb max_used=3996Kb free=116040Kb
 bounds [0x00007f227058b000, 0x00007f227097b000, 0x00007f2277ac4000]
CodeHeap 'profiled nmethods': size=120032Kb used=8674Kb max_used=8674Kb free=111357Kb
 bounds [0x00007f2268ac4000, 0x00007f22693a4000, 0x00007f226fffc000]
CodeHeap 'non-nmethods': size=5692Kb used=2037Kb max_used=2153Kb free=3654Kb
 bounds [0x00007f226fffc000, 0x00007f227026c000, 0x00007f227058b000]
 total_blobs=5070 nmethods=4399 adapters=575
 compilation: enabled
              stopped_count=0, restarted_count=0
 full_count=0

Compilation events (20 events):
Event: 30.394 Thread 0x00007f22800cbe20 nmethod 5234 0x00007f227096e410 code [0x00007f227096e5a0, 0x00007f227096e700]
Event: 30.394 Thread 0x00007f22800cbe20 5235       4       org.apache.commons.compress.archivers.zip.GeneralPurposeBit::encode (61 bytes)
Event: 30.395 Thread 0x00007f22800cbe20 nmethod 5235 0x00007f227096e810 code [0x00007f227096e9a0, 0x00007f227096eb18]
Event: 30.395 Thread 0x00007f22800cbe20 5232       4       org.apache.commons.compress.archivers.zip.ZipArchiveOutputStream$EntryMetaData::<init> (15 bytes)
Event: 30.395 Thread 0x00007f22800cbe20 nmethod 5232 0x00007f227096ec90 code [0x00007f227096ee00, 0x00007f227096ee90]
Event: 30.398 Thread 0x00007f22800cbe20 5242       4       org.gradle.internal.classpath.InPlaceClasspathBuilder$ZipEntryBuilder::maybeAddParent (50 bytes)
Event: 30.411 Thread 0x00007f22800cd4e0 5245       3       org.gradle.internal.logging.progress.DefaultProgressLoggerFactory$ProgressLoggerImpl::assertRunning (63 bytes)
Event: 30.413 Thread 0x00007f22800cd4e0 nmethod 5245 0x00007f2268decc10 code [0x00007f2268decf60, 0x00007f2268dee4b8]
Event: 30.413 Thread 0x00007f22800cd4e0 5247       3       org.gradle.internal.serialize.kryo.KryoBackedEncoder::writeBoolean (9 bytes)
Event: 30.413 Thread 0x00007f22800cd4e0 nmethod 5247 0x00007f2268df5410 code [0x00007f2268df55c0, 0x00007f2268df5710]
Event: 30.413 Thread 0x00007f22800cd4e0 5246       3       net.rubygrapefruit.platform.file.FileInfo$Type::values (10 bytes)
Event: 30.413 Thread 0x00007f22800cd4e0 nmethod 5246 0x00007f2269238f10 code [0x00007f22692390c0, 0x00007f2269239360]
Event: 30.420 Thread 0x00007f22800cbe20 nmethod 5242 0x00007f227096ef90 code [0x00007f227096f220, 0x00007f22709700f8]
Event: 30.420 Thread 0x00007f22800cbe20 5243       4       org.gradle.internal.classpath.InPlaceClasspathBuilder$ZipEntryBuilder::dir (42 bytes)
Event: 30.430 Thread 0x00007f22800cbe20 nmethod 5243 0x00007f2270970890 code [0x00007f2270970a60, 0x00007f2270971438]
Event: 30.430 Thread 0x00007f22800cbe20 5244       4       java.util.regex.Pattern::peek (26 bytes)
Event: 30.432 Thread 0x00007f22800cbe20 nmethod 5244 0x00007f2270971810 code [0x00007f22709719a0, 0x00007f2270971aa8]
Event: 30.490 Thread 0x00007f22800cbe20 5248       4       org.objectweb.asm.Type::getMethodType (16 bytes)
Event: 30.492 Thread 0x00007f22800cbe20 nmethod 5248 0x00007f2270971b90 code [0x00007f2270971d20, 0x00007f2270971ed0]
Event: 30.544 Thread 0x00007f22800cbe20 5249       4       org.objectweb.asm.SymbolTable::addConstantInvokeDynamic (23 bytes)

GC Heap History (20 events):
Event: 24.606 GC heap after
{Heap after GC invocations=62 (full 0):
 garbage-first heap   total 204800K, used 51906K [0x00000000c0000000, 0x0000000100000000)
  region size 1024K, 8 young (8192K), 8 survivors (8192K)
 Metaspace       used 35792K, committed 37120K, reserved 491520K
  class space    used 4992K, committed 5696K, reserved 425984K
}
Event: 24.929 GC heap before
{Heap before GC invocations=62 (full 0):
 garbage-first heap   total 204800K, used 166594K [0x00000000c0000000, 0x0000000100000000)
  region size 1024K, 120 young (122880K), 8 survivors (8192K)
 Metaspace       used 35796K, committed 37120K, reserved 491520K
  class space    used 4992K, committed 5696K, reserved 425984K
}
Event: 24.990 GC heap after
{Heap after GC invocations=63 (full 0):
 garbage-first heap   total 204800K, used 51906K [0x00000000c0000000, 0x0000000100000000)
  region size 1024K, 8 young (8192K), 8 survivors (8192K)
 Metaspace       used 35796K, committed 37120K, reserved 491520K
  class space    used 4992K, committed 5696K, reserved 425984K
}
Event: 25.320 GC heap before
{Heap before GC invocations=63 (full 0):
 garbage-first heap   total 204800K, used 166594K [0x00000000c0000000, 0x0000000100000000)
  region size 1024K, 120 young (122880K), 8 survivors (8192K)
 Metaspace       used 35796K, committed 37120K, reserved 491520K
  class space    used 4992K, committed 5696K, reserved 425984K
}
Event: 25.383 GC heap after
{Heap after GC invocations=64 (full 0):
 garbage-first heap   total 339968K, used 53011K [0x00000000c0000000, 0x0000000100000000)
  region size 1024K, 9 young (9216K), 9 survivors (9216K)
 Metaspace       used 35796K, committed 37120K, reserved 491520K
  class space    used 4992K, committed 5696K, reserved 425984K
}
Event: 26.213 GC heap before
{Heap before GC invocations=64 (full 0):
 garbage-first heap   total 339968K, used 247571K [0x00000000c0000000, 0x0000000100000000)
  region size 1024K, 199 young (203776K), 9 survivors (9216K)
 Metaspace       used 35800K, committed 37120K, reserved 491520K
  class space    used 4992K, committed 5696K, reserved 425984K
}
Event: 26.224 GC heap after
{Heap after GC invocations=65 (full 0):
 garbage-first heap   total 339968K, used 54035K [0x00000000c0000000, 0x0000000100000000)
  region size 1024K, 10 young (10240K), 10 survivors (10240K)
 Metaspace       used 35800K, committed 37120K, reserved 491520K
  class space    used 4992K, committed 5696K, reserved 425984K
}
Event: 26.924 GC heap before
{Heap before GC invocations=65 (full 0):
 garbage-first heap   total 339968K, used 247571K [0x00000000c0000000, 0x0000000100000000)
  region size 1024K, 199 young (203776K), 10 survivors (10240K)
 Metaspace       used 35811K, committed 37184K, reserved 491520K
  class space    used 4992K, committed 5696K, reserved 425984K
}
Event: 26.993 GC heap after
{Heap after GC invocations=66 (full 0):
 garbage-first heap   total 339968K, used 55059K [0x00000000c0000000, 0x0000000100000000)
  region size 1024K, 11 young (11264K), 11 survivors (11264K)
 Metaspace       used 35811K, committed 37184K, reserved 491520K
  class space    used 4992K, committed 5696K, reserved 425984K
}
Event: 27.620 GC heap before
{Heap before GC invocations=66 (full 0):
 garbage-first heap   total 339968K, used 247571K [0x00000000c0000000, 0x0000000100000000)
  region size 1024K, 199 young (203776K), 11 survivors (11264K)
 Metaspace       used 35833K, committed 37184K, reserved 491520K
  class space    used 4992K, committed 5696K, reserved 425984K
}
Event: 27.685 GC heap after
{Heap after GC invocations=67 (full 0):
 garbage-first heap   total 339968K, used 56176K [0x00000000c0000000, 0x0000000100000000)
  region size 1024K, 11 young (11264K), 11 survivors (11264K)
 Metaspace       used 35833K, committed 37184K, reserved 491520K
  class space    used 4992K, committed 5696K, reserved 425984K
}
Event: 28.392 GC heap before
{Heap before GC invocations=67 (full 0):
 garbage-first heap   total 339968K, used 249712K [0x00000000c0000000, 0x0000000100000000)
  region size 1024K, 199 young (203776K), 11 survivors (11264K)
 Metaspace       used 35838K, committed 37184K, reserved 491520K
  class space    used 4992K, committed 5696K, reserved 425984K
}
Event: 28.414 GC heap after
{Heap after GC invocations=68 (full 0):
 garbage-first heap   total 339968K, used 57780K [0x00000000c0000000, 0x0000000100000000)
  region size 1024K, 12 young (12288K), 12 survivors (12288K)
 Metaspace       used 35838K, committed 37184K, reserved 491520K
  class space    used 4992K, committed 5696K, reserved 425984K
}
Event: 29.088 GC heap before
{Heap before GC invocations=68 (full 0):
 garbage-first heap   total 339968K, used 249268K [0x00000000c0000000, 0x0000000100000000)
  region size 1024K, 199 young (203776K), 12 survivors (12288K)
 Metaspace       used 35839K, committed 37184K, reserved 491520K
  class space    used 4992K, committed 5696K, reserved 425984K
}
Event: 29.107 GC heap after
{Heap after GC invocations=69 (full 0):
 garbage-first heap   total 339968K, used 58880K [0x00000000c0000000, 0x0000000100000000)
  region size 1024K, 13 young (13312K), 13 survivors (13312K)
 Metaspace       used 35839K, committed 37184K, reserved 491520K
  class space    used 4992K, committed 5696K, reserved 425984K
}
Event: 29.590 GC heap before
{Heap before GC invocations=69 (full 0):
 garbage-first heap   total 339968K, used 249344K [0x00000000c0000000, 0x0000000100000000)
  region size 1024K, 199 young (203776K), 13 survivors (13312K)
 Metaspace       used 35840K, committed 37184K, reserved 491520K
  class space    used 4992K, committed 5696K, reserved 425984K
}
Event: 29.604 GC heap after
{Heap after GC invocations=70 (full 0):
 garbage-first heap   total 339968K, used 59347K [0x00000000c0000000, 0x0000000100000000)
  region size 1024K, 13 young (13312K), 13 survivors (13312K)
 Metaspace       used 35840K, committed 37184K, reserved 491520K
  class space    used 4992K, committed 5696K, reserved 425984K
}
Event: 30.117 GC heap before
{Heap before GC invocations=70 (full 0):
 garbage-first heap   total 339968K, used 249811K [0x00000000c0000000, 0x0000000100000000)
  region size 1024K, 199 young (203776K), 13 survivors (13312K)
 Metaspace       used 35842K, committed 37184K, reserved 491520K
  class space    used 4992K, committed 5696K, reserved 425984K
}
Event: 30.182 GC heap after
{Heap after GC invocations=71 (full 0):
 garbage-first heap   total 339968K, used 60383K [0x00000000c0000000, 0x0000000100000000)
  region size 1024K, 13 young (13312K), 13 survivors (13312K)
 Metaspace       used 35842K, committed 37184K, reserved 491520K
  class space    used 4992K, committed 5696K, reserved 425984K
}
Event: 30.631 GC heap before
{Heap before GC invocations=71 (full 0):
 garbage-first heap   total 339968K, used 250847K [0x00000000c0000000, 0x0000000100000000)
  region size 1024K, 199 young (203776K), 13 survivors (13312K)
 Metaspace       used 35859K, committed 37248K, reserved 491520K
  class space    used 4992K, committed 5696K, reserved 425984K
}

Dll operation events (14 events):
Event: 0.004 Loaded shared library /usr/lib/jvm/jdk-21.0.12/lib/libjava.so
Event: 0.087 Loaded shared library /usr/lib/jvm/jdk-21.0.12/lib/libjsvml.so
Event: 0.126 Loaded shared library /usr/lib/jvm/jdk-21.0.12/lib/libzip.so
Event: 0.129 Loaded shared library /usr/lib/jvm/jdk-21.0.12/lib/libinstrument.so
Event: 0.134 Loaded shared library /usr/lib/jvm/jdk-21.0.12/lib/libnio.so
Event: 0.135 Loaded shared library /usr/lib/jvm/jdk-21.0.12/lib/libzip.so
Event: 0.414 Loaded shared library /usr/lib/jvm/jdk-21.0.12/lib/libjimage.so
Event: 0.607 Loaded shared library /usr/lib/jvm/jdk-21.0.12/lib/libverify.so
Event: 0.898 Loaded shared library /usr/lib/jvm/jdk-21.0.12/lib/libnet.so
Event: 0.900 Loaded shared library /root/.gradle/native/c067742578af261105cb4f569cf0c3c89f3d7b1fecec35dd04571415982c5e48/linux-amd64/libnative-platform.so
Event: 0.909 Loaded shared library /root/.gradle/native/100fb08df4bc3b14c8652ba06237920a3bd2aa13389f12d3474272988ae205f9/linux-amd64/libnative-platform-file-events.so
Event: 2.316 Loaded shared library /usr/lib/jvm/jdk-21.0.12/lib/libmanagement.so
Event: 2.320 Loaded shared library /usr/lib/jvm/jdk-21.0.12/lib/libmanagement_ext.so
Event: 2.698 Loaded shared library /usr/lib/jvm/jdk-21.0.12/lib/libextnet.so

Deoptimization events (20 events):
Event: 28.919 Thread 0x00007f221c00a600 DEOPT PACKING pc=0x00007f226938e656 sp=0x00007f22343f37e0
Event: 28.919 Thread 0x00007f221c00a600 DEOPT UNPACKING pc=0x00007f227005414f sp=0x00007f22343f2f10 mode 0
Event: 28.927 Thread 0x00007f221c00a600 DEOPT PACKING pc=0x00007f226938dd05 sp=0x00007f22343f37e0
Event: 28.927 Thread 0x00007f221c00a600 DEOPT UNPACKING pc=0x00007f227005414f sp=0x00007f22343f2f10 mode 0
Event: 28.991 Thread 0x00007f221c00a600 DEOPT PACKING pc=0x00007f226938dd05 sp=0x00007f22343f37e0
Event: 28.991 Thread 0x00007f221c00a600 DEOPT UNPACKING pc=0x00007f227005414f sp=0x00007f22343f2f10 mode 0
Event: 28.995 Thread 0x00007f221c00a600 DEOPT PACKING pc=0x00007f226938e656 sp=0x00007f22343f37e0
Event: 28.995 Thread 0x00007f221c00a600 DEOPT UNPACKING pc=0x00007f227005414f sp=0x00007f22343f2f10 mode 0
Event: 29.002 Thread 0x00007f221c00a600 DEOPT PACKING pc=0x00007f226938e656 sp=0x00007f22343f37e0
Event: 29.002 Thread 0x00007f221c00a600 DEOPT UNPACKING pc=0x00007f227005414f sp=0x00007f22343f2f10 mode 0
Event: 29.006 Thread 0x00007f221c00a600 DEOPT PACKING pc=0x00007f226938e656 sp=0x00007f22343f37e0
Event: 29.006 Thread 0x00007f221c00a600 DEOPT UNPACKING pc=0x00007f227005414f sp=0x00007f22343f2f10 mode 0
Event: 29.030 Thread 0x00007f221c00a600 DEOPT PACKING pc=0x00007f226938e656 sp=0x00007f22343f37e0
Event: 29.030 Thread 0x00007f221c00a600 DEOPT UNPACKING pc=0x00007f227005414f sp=0x00007f22343f2f10 mode 0
Event: 29.108 Thread 0x00007f221c00a600 DEOPT PACKING pc=0x00007f226938e656 sp=0x00007f22343f37e0
Event: 29.108 Thread 0x00007f221c00a600 DEOPT UNPACKING pc=0x00007f227005414f sp=0x00007f22343f2f10 mode 0
Event: 29.113 Thread 0x00007f221c00a600 DEOPT PACKING pc=0x00007f226938e656 sp=0x00007f22343f37e0
Event: 29.113 Thread 0x00007f221c00a600 DEOPT UNPACKING pc=0x00007f227005414f sp=0x00007f22343f2f10 mode 0
Event: 29.117 Thread 0x00007f221c00a600 DEOPT PACKING pc=0x00007f226938e656 sp=0x00007f22343f37e0
Event: 29.117 Thread 0x00007f221c00a600 DEOPT UNPACKING pc=0x00007f227005414f sp=0x00007f22343f2f10 mode 0

Classes loaded (20 events):
Event: 8.012 Loading class java/util/Collections$UnmodifiableSortedMap
Event: 8.012 Loading class java/util/Collections$UnmodifiableSortedMap done
Event: 8.013 Loading class java/util/zip/Deflater
Event: 8.013 Loading class java/util/zip/Deflater done
Event: 8.013 Loading class java/util/zip/Deflater$DeflaterZStreamRef
Event: 8.013 Loading class java/util/zip/Deflater$DeflaterZStreamRef done
Event: 8.018 Loading class java/util/zip/ZipFile$ZipEntryIterator
Event: 8.018 Loading class java/util/zip/ZipFile$ZipEntryIterator done
Event: 8.095 Loading class java/nio/StringCharBuffer
Event: 8.096 Loading class java/nio/StringCharBuffer done
Event: 12.826 Loading class java/util/concurrent/LinkedBlockingDeque$Itr
Event: 12.827 Loading class java/util/concurrent/LinkedBlockingDeque$AbstractItr
Event: 12.827 Loading class java/util/concurrent/LinkedBlockingDeque$AbstractItr done
Event: 12.827 Loading class java/util/concurrent/LinkedBlockingDeque$Itr done
Event: 12.828 Loading class java/math/MathContext
Event: 12.829 Loading class java/math/MathContext done
Event: 13.114 Loading class java/util/regex/Pattern$Caret
Event: 13.115 Loading class java/util/regex/Pattern$Caret done
Event: 21.884 Loading class java/lang/foreign/MemorySegment
Event: 21.885 Loading class java/lang/foreign/MemorySegment done

Classes unloaded (0 events):
No events

Classes redefined (0 events):
No events

Internal exceptions (20 events):
Event: 7.350 Thread 0x00007f221c00a600 Exception <a 'java/lang/ClassNotFoundException'{0x00000000c2045a28}: java/lang/ObjectCustomizer> (0x00000000c2045a28) 
thrown [open/src/hotspot/share/classfile/systemDictionary.cpp, line 313]
Event: 7.357 Thread 0x00007f221c00a600 Exception <a 'java/lang/IncompatibleClassChangeError'{0x00000000c2057fb8}: Found class java.lang.Object, but interface was expected> (0x00000000c2057fb8) 
thrown [open/src/hotspot/share/interpreter/linkResolver.cpp, line 840]
Event: 7.361 Thread 0x00007f221c00a600 Exception <a 'java/lang/ClassNotFoundException'{0x00000000c2073598}: groovy/lang/MetaClassImplCustomizer> (0x00000000c2073598) 
thrown [open/src/hotspot/share/classfile/systemDictionary.cpp, line 313]
Event: 7.388 Thread 0x00007f221c00a600 Exception <a 'java/lang/ClassNotFoundException'{0x00000000c209d068}: groovy/lang/ExpandoMetaClassCustomizer> (0x00000000c209d068) 
thrown [open/src/hotspot/share/classfile/systemDictionary.cpp, line 313]
Event: 7.698 Thread 0x00007f221c00a600 Exception <a 'java/lang/ClassNotFoundException'{0x00000000c29f5830}: org/gradle/internal/extensibility/DefaultExtraPropertiesExtensionBeanInfo> (0x00000000c29f5830) 
thrown [open/src/hotspot/share/classfile/systemDictionary.cpp, line 313]
Event: 7.698 Thread 0x00007f221c00a600 Exception <a 'java/lang/ClassNotFoundException'{0x00000000c29fd918}: groovy/lang/GroovyObjectSupportBeanInfo> (0x00000000c29fd918) 
thrown [open/src/hotspot/share/classfile/systemDictionary.cpp, line 313]
Event: 7.699 Thread 0x00007f221c00a600 Exception <a 'java/lang/ClassNotFoundException'{0x00000000c2805c60}: groovy/lang/GroovyObjectSupportCustomizer> (0x00000000c2805c60) 
thrown [open/src/hotspot/share/classfile/systemDictionary.cpp, line 313]
Event: 7.700 Thread 0x00007f221c00a600 Exception <a 'java/lang/ClassNotFoundException'{0x00000000c281f820}: org/gradle/internal/extensibility/DefaultExtraPropertiesExtensionCustomizer> (0x00000000c281f820) 
thrown [open/src/hotspot/share/classfile/systemDictionary.cpp, line 313]
Event: 7.703 Thread 0x00007f221c00a600 Exception <a 'java/lang/IncompatibleClassChangeError'{0x00000000c283a610}: Found class java.lang.Object, but interface was expected> (0x00000000c283a610) 
thrown [open/src/hotspot/share/interpreter/linkResolver.cpp, line 840]
Event: 7.734 Thread 0x00007f221c00a600 Exception <a 'sun/nio/fs/UnixException'{0x00000000fff89cb0}> (0x00000000fff89cb0) 
thrown [open/src/hotspot/share/prims/jni.cpp, line 520]
Event: 7.782 Thread 0x00007f221c00a600 Exception <a 'sun/nio/fs/UnixException'{0x00000000fff8ae80}> (0x00000000fff8ae80) 
thrown [open/src/hotspot/share/prims/jni.cpp, line 520]
Event: 7.782 Thread 0x00007f221c00a600 Exception <a 'sun/nio/fs/UnixException'{0x00000000fff8c008}> (0x00000000fff8c008) 
thrown [open/src/hotspot/share/prims/jni.cpp, line 520]
Event: 7.802 Thread 0x00007f221c00a600 Exception <a 'java/lang/NoSuchMethodError'{0x00000000c40b75b0}: 'java.lang.Object java.lang.invoke.Invokers$Holder.invoker(java.lang.Object, java.lang.Object, java.lang.Object, java.lang.Object, java.lang.Object, java.lang.Object)'> (0x00000000c40b75b0) 
thrown [open/src/hotspot/share/interpreter/linkResolver.cpp, line 772]
Event: 7.893 Thread 0x00007f221c00a600 Exception <a 'java/lang/NoSuchMethodError'{0x00000000c3fc4940}: 'java.lang.Object java.lang.invoke.Invokers$Holder.invoker(java.lang.Object, java.lang.Object, java.lang.Object, java.lang.Object, java.lang.Object)'> (0x00000000c3fc4940) 
thrown [open/src/hotspot/share/interpreter/linkResolver.cpp, line 772]
Event: 7.895 Thread 0x00007f221c00a600 Exception <a 'java/lang/NoSuchMethodError'{0x00000000c3fe4988}: 'java.lang.Object java.lang.invoke.Invokers$Holder.invoker(java.lang.Object, java.lang.Object, java.lang.Object, java.lang.Object, java.lang.Object, java.lang.Object, java.lang.Object, java.lang.Object, java.lang.Object, java.lang.Object, java.lang.Object, java.lang.Object, java.lang.Object, java.lang.Object, java.lang.Object, java.lang.Object, java.lang.Object, java.lang.Object, java.lang.Object, java.lang.Object, java.lang.Object, java.lang.
Event: 7.895 Thread 0x00007f221c00a600 Exception <a 'java/lang/NoSuchMethodError'{0x00000000c3feafb8}: 'java.lang.Object java.lang.invoke.DelegatingMethodHandle$Holder.delegate(java.lang.Object, java.lang.Object, java.lang.Object, java.lang.Object, java.lang.Object, java.lang.Object, java.lang.Object, java.lang.Object, java.lang.Object, java.lang.Object, java.lang.Object, java.lang.Object, java.lang.Object, java.lang.Object, java.lang.Object, java.lang.Object, java.lang.Object, java.lang.Object, java.lang.Object, java.lang.Object, java.lang.Obj
Event: 8.000 Thread 0x00007f221c00a600 Exception <a 'sun/nio/fs/UnixException'{0x00000000c3488040}> (0x00000000c3488040) 
thrown [open/src/hotspot/share/prims/jni.cpp, line 520]
Event: 8.001 Thread 0x00007f221c00a600 Exception <a 'sun/nio/fs/UnixException'{0x00000000c34894f8}> (0x00000000c34894f8) 
thrown [open/src/hotspot/share/prims/jni.cpp, line 520]
Event: 8.019 Thread 0x00007f221c00a600 Implicit null exception at 0x00007f22705fda71 to 0x00007f22705fe668
Event: 25.222 Thread 0x00007f221c00a600 Implicit null exception at 0x00007f22708cad2b to 0x00007f22708ccc78

ZGC Phase Switch (0 events):
No events

VM Operations (20 events):
Event: 24.606 Executing VM operation: G1CollectForAllocation (G1 Evacuation Pause) done
Event: 24.929 Executing VM operation: G1CollectForAllocation (G1 Evacuation Pause)
Event: 24.990 Executing VM operation: G1CollectForAllocation (G1 Evacuation Pause) done
Event: 25.320 Executing VM operation: G1CollectForAllocation (G1 Evacuation Pause)
Event: 25.383 Executing VM operation: G1CollectForAllocation (G1 Evacuation Pause) done
Event: 26.213 Executing VM operation: G1CollectForAllocation (G1 Evacuation Pause)
Event: 26.224 Executing VM operation: G1CollectForAllocation (G1 Evacuation Pause) done
Event: 26.924 Executing VM operation: G1CollectForAllocation (G1 Evacuation Pause)
Event: 26.993 Executing VM operation: G1CollectForAllocation (G1 Evacuation Pause) done
Event: 27.620 Executing VM operation: G1CollectForAllocation (G1 Evacuation Pause)
Event: 27.685 Executing VM operation: G1CollectForAllocation (G1 Evacuation Pause) done
Event: 28.392 Executing VM operation: G1CollectForAllocation (G1 Evacuation Pause)
Event: 28.414 Executing VM operation: G1CollectForAllocation (G1 Evacuation Pause) done
Event: 29.088 Executing VM operation: G1CollectForAllocation (G1 Evacuation Pause)
Event: 29.107 Executing VM operation: G1CollectForAllocation (G1 Evacuation Pause) done
Event: 29.590 Executing VM operation: G1CollectForAllocation (G1 Evacuation Pause)
Event: 29.604 Executing VM operation: G1CollectForAllocation (G1 Evacuation Pause) done
Event: 30.117 Executing VM operation: G1CollectForAllocation (G1 Evacuation Pause)
Event: 30.182 Executing VM operation: G1CollectForAllocation (G1 Evacuation Pause) done
Event: 30.630 Executing VM operation: G1CollectForAllocation (G1 Evacuation Pause)

Events (20 events):
Event: 11.501 Thread 0x00007f22800b9d90 flushing nmethod 0x00007f2268ba2b90
Event: 11.501 Thread 0x00007f22800b9d90 flushing nmethod 0x00007f2268ba4410
Event: 11.501 Thread 0x00007f22800b9d90 flushing nmethod 0x00007f2268bc4290
Event: 11.501 Thread 0x00007f22800b9d90 flushing nmethod 0x00007f226906f710
Event: 11.501 Thread 0x00007f22800b9d90 flushing nmethod 0x00007f2269145410
Event: 11.501 Thread 0x00007f22800b9d90 flushing nmethod 0x00007f226922ba90
Event: 11.501 Thread 0x00007f22800b9d90 flushing nmethod 0x00007f2269252f10
Event: 11.501 Thread 0x00007f22800b9d90 flushing nmethod 0x00007f226925e490
Event: 11.501 Thread 0x00007f22800b9d90 flushing nmethod 0x00007f226925f090
Event: 11.501 Thread 0x00007f22800b9d90 flushing nmethod 0x00007f226925f710
Event: 11.501 Thread 0x00007f22800b9d90 flushing nmethod 0x00007f226926b490
Event: 11.501 Thread 0x00007f22800b9d90 flushing nmethod 0x00007f226926bf10
Event: 11.501 Thread 0x00007f22800b9d90 flushing nmethod 0x00007f226926c310
Event: 11.501 Thread 0x00007f22800b9d90 flushing nmethod 0x00007f226926d690
Event: 11.501 Thread 0x00007f22800b9d90 flushing nmethod 0x00007f226926df10
Event: 11.501 Thread 0x00007f22800b9d90 flushing nmethod 0x00007f226926e390
Event: 11.501 Thread 0x00007f22800b9d90 flushing nmethod 0x00007f226927e010
Event: 11.501 Thread 0x00007f22800b9d90 flushing nmethod 0x00007f226927e990
Event: 11.501 Thread 0x00007f22800b9d90 flushing nmethod 0x00007f2269283410
Event: 11.501 Thread 0x00007f22800b9d90 flushing nmethod 0x00007f2269294290


Dynamic libraries:
c0000000-d4800000 rw-p 00000000 00:00 0 
dbc00000-ffc00000 ---p 00000000 00:00 0 
ffc00000-ffe00000 rw-p 00000000 00:00 0 
ffe00000-fff0e000 rw-p 00cec000 fe:00 402282                             /usr/lib/jvm/jdk-21.0.12/lib/server/classes.jsa
fff0e000-100000000 rw-p 00000000 00:00 0 
55e699b25000-55e699b26000 r-xp 00000000 fe:00 401794                     /usr/lib/jvm/jdk-21.0.12/bin/java
55e699b27000-55e699b28000 r--p 00001000 fe:00 401794                     /usr/lib/jvm/jdk-21.0.12/bin/java
55e699b28000-55e699b29000 rw-p 00002000 fe:00 401794                     /usr/lib/jvm/jdk-21.0.12/bin/java
55e69b4f5000-55e69b53c000 rw-p 00000000 00:00 0                          [heap]
7f220b5f6000-7f220b5f7000 ---p 00000000 00:00 0 
7f220b5f7000-7f220b5fb000 ---p 00000000 00:00 0 
7f220b5fb000-7f220b6f7000 rw-p 00000000 00:00 0 
7f220b6f7000-7f220b6f8000 ---p 00000000 00:00 0 
7f220b6f8000-7f220b6fc000 ---p 00000000 00:00 0 
7f220b6fc000-7f220b7f8000 rw-p 00000000 00:00 0 
7f220b7f8000-7f220b7f9000 ---p 00000000 00:00 0 
7f220b7f9000-7f220b7fd000 ---p 00000000 00:00 0 
7f220b7fd000-7f220b8f9000 rw-p 00000000 00:00 0 
7f220b8f9000-7f220b8fa000 ---p 00000000 00:00 0 
7f220b8fa000-7f220b8fe000 ---p 00000000 00:00 0 
7f220b8fe000-7f220b9fa000 rw-p 00000000 00:00 0 
7f220b9fa000-7f220b9fb000 ---p 00000000 00:00 0 
7f220b9fb000-7f220b9ff000 ---p 00000000 00:00 0 
7f220b9ff000-7f220bafb000 rw-p 00000000 00:00 0 
7f220bafb000-7f220bafc000 ---p 00000000 00:00 0 
7f220bafc000-7f220bb00000 ---p 00000000 00:00 0 
7f220bb00000-7f220bbfc000 rw-p 00000000 00:00 0 
7f220bbfc000-7f220bbfd000 ---p 00000000 00:00 0 
7f220bbfd000-7f220bc01000 ---p 00000000 00:00 0 
7f220bc01000-7f220bcfd000 rw-p 00000000 00:00 0 
7f220bcfd000-7f220bcfe000 ---p 00000000 00:00 0 
7f220bcfe000-7f220bd02000 ---p 00000000 00:00 0 
7f220bd02000-7f220bdfe000 rw-p 00000000 00:00 0 
7f220bdfe000-7f220bdff000 ---p 00000000 00:00 0 
7f220bdff000-7f220be03000 ---p 00000000 00:00 0 
7f220be03000-7f220beff000 rw-p 00000000 00:00 0 
7f220beff000-7f220bf00000 ---p 00000000 00:00 0 
7f220bf00000-7f220bf04000 ---p 00000000 00:00 0 
7f220bf04000-7f220c000000 rw-p 00000000 00:00 0 
7f220c000000-7f220ef5b000 rw-p 00000000 00:00 0 
7f220ef5b000-7f2210000000 ---p 00000000 00:00 0 
7f2210000000-7f2210ee8000 rw-p 00000000 00:00 0 
7f2210ee8000-7f2214000000 ---p 00000000 00:00 0 
7f2214000000-7f2214053000 rw-p 00000000 00:00 0 
7f2214053000-7f2218000000 ---p 00000000 00:00 0 
7f2218000000-7f2218021000 rw-p 00000000 00:00 0 
7f2218021000-7f221c000000 ---p 00000000 00:00 0 
7f221c000000-7f221c021000 rw-p 00000000 00:00 0 
7f221c021000-7f2220000000 ---p 00000000 00:00 0 
7f2220000000-7f2220021000 rw-p 00000000 00:00 0 
7f2220021000-7f2224000000 ---p 00000000 00:00 0 
7f2224000000-7f2224553000 rw-p 00000000 00:00 0 
7f2224553000-7f2228000000 ---p 00000000 00:00 0 
7f2228000000-7f222802b000 rw-p 00000000 00:00 0 
7f222802b000-7f222c000000 ---p 00000000 00:00 0 
7f222c000000-7f222c400000 rw-p 00000000 00:00 0 
7f222c400000-7f222c900000 rw-p 00000000 00:00 0 
7f222c900000-7f222ca00000 rw-p 00000000 00:00 0 
7f222ca00000-7f222d100000 rw-p 00000000 00:00 0 
7f222d100000-7f222d200000 rw-p 00000000 00:00 0 
7f222d200000-7f222dac0000 rw-p 00000000 00:00 0 
7f222dac0000-7f222db00000 rw-p 00000000 00:00 0 
7f222db00000-7f222dd00000 rw-p 00000000 00:00 0 
7f222dd00000-7f222dd80000 rw-p 00000000 00:00 0 
7f222dd80000-7f222de00000 ---p 00000000 00:00 0 
7f222de00000-7f222df50000 rw-p 00000000 00:00 0 
7f222df50000-7f2230000000 ---p 00000000 00:00 0 
7f2230000000-7f2230f23000 rw-p 00000000 00:00 0 
7f2230f23000-7f2234000000 ---p 00000000 00:00 0 
7f22340f9000-7f22340fa000 ---p 00000000 00:00 0 
7f22340fa000-7f22340fe000 ---p 00000000 00:00 0 
7f22340fe000-7f22341fa000 rw-p 00000000 00:00 0 
7f22341fa000-7f22341fb000 ---p 00000000 00:00 0 
7f22341fb000-7f22341ff000 ---p 00000000 00:00 0 
7f22341ff000-7f22342fb000 rw-p 00000000 00:00 0 
7f22342fb000-7f22342fc000 ---p 00000000 00:00 0 
7f22342fc000-7f2234300000 ---p 00000000 00:00 0 
7f2234300000-7f22343fc000 rw-p 00000000 00:00 0 
7f22343fc000-7f22343fd000 ---p 00000000 00:00 0 
7f22343fd000-7f2234401000 ---p 00000000 00:00 0 
7f2234401000-7f22344fd000 rw-p 00000000 00:00 0 
7f22344fd000-7f22344fe000 ---p 00000000 00:00 0 
7f22344fe000-7f2234502000 ---p 00000000 00:00 0 
7f2234502000-7f22345fe000 rw-p 00000000 00:00 0 
7f22345fe000-7f22345ff000 ---p 00000000 00:00 0 
7f22345ff000-7f2234603000 ---p 00000000 00:00 0 
7f2234603000-7f22346ff000 rw-p 00000000 00:00 0 
7f22346ff000-7f2234700000 ---p 00000000 00:00 0 
7f2234700000-7f2234704000 ---p 00000000 00:00 0 
7f2234704000-7f2234800000 rw-p 00000000 00:00 0 
7f2234800000-7f2234853000 r-xp 00000000 fe:00 531649                     /root/.gradle/native/100fb08df4bc3b14c8652ba06237920a3bd2aa13389f12d3474272988ae205f9/linux-amd64/libnative-platform-file-events.so
7f2234853000-7f2234a52000 ---p 00053000 fe:00 531649                     /root/.gradle/native/100fb08df4bc3b14c8652ba06237920a3bd2aa13389f12d3474272988ae205f9/linux-amd64/libnative-platform-file-events.so
7f2234a52000-7f2234a53000 r--p 00052000 fe:00 531649                     /root/.gradle/native/100fb08df4bc3b14c8652ba06237920a3bd2aa13389f12d3474272988ae205f9/linux-amd64/libnative-platform-file-events.so
7f2234a53000-7f2234a55000 rw-p 00053000 fe:00 531649                     /root/.gradle/native/100fb08df4bc3b14c8652ba06237920a3bd2aa13389f12d3474272988ae205f9/linux-amd64/libnative-platform-file-events.so
7f2234aff000-7f2234b00000 ---p 00000000 00:00 0 
7f2234b00000-7f2234b04000 ---p 00000000 00:00 0 
7f2234b04000-7f2234c00000 rw-p 00000000 00:00 0 
7f2234c00000-7f2234c05000 r-xp 00000000 fe:00 531635                     /root/.gradle/native/c067742578af261105cb4f569cf0c3c89f3d7b1fecec35dd04571415982c5e48/linux-amd64/libnative-platform.so
7f2234c05000-7f2234e05000 ---p 00005000 fe:00 531635                     /root/.gradle/native/c067742578af261105cb4f569cf0c3c89f3d7b1fecec35dd04571415982c5e48/linux-amd64/libnative-platform.so
7f2234e05000-7f2234e06000 r--p 00005000 fe:00 531635                     /root/.gradle/native/c067742578af261105cb4f569cf0c3c89f3d7b1fecec35dd04571415982c5e48/linux-amd64/libnative-platform.so
7f2234e06000-7f2234e07000 rw-p 00006000 fe:00 531635                     /root/.gradle/native/c067742578af261105cb4f569cf0c3c89f3d7b1fecec35dd04571415982c5e48/linux-amd64/libnative-platform.so
7f2234eff000-7f2234f00000 ---p 00000000 00:00 0 
7f2234f00000-7f2234f04000 ---p 00000000 00:00 0 
7f2234f04000-7f2235000000 rw-p 00000000 00:00 0 
7f2235000000-7f2235486000 rw-p 00001000 fe:00 402282                     /usr/lib/jvm/jdk-21.0.12/lib/server/classes.jsa
7f2235486000-7f2235cac000 rw-p 00487000 fe:00 402282                     /usr/lib/jvm/jdk-21.0.12/lib/server/classes.jsa
7f2235cac000-7f2236000000 ---p 00000000 00:00 0 
7f2236000000-7f2236040000 rw-p 00000000 00:00 0 
7f2236040000-7f2236080000 rw-p 00000000 00:00 0 
7f2236080000-7f2236140000 rw-p 00000000 00:00 0 
7f2236140000-7f2236180000 rw-p 00000000 00:00 0 
7f2236180000-7f22364e0000 rw-p 00000000 00:00 0 
7f22364e0000-7f2236540000 rw-p 00000000 00:00 0 
7f2236540000-7f2236560000 rw-p 00000000 00:00 0 
7f2236560000-7f2236580000 ---p 00000000 00:00 0 
7f2236580000-7f22365b0000 rw-p 00000000 00:00 0 
7f22365b0000-7f2250000000 ---p 00000000 00:00 0 
7f2250000000-7f2250021000 rw-p 00000000 00:00 0 
7f2250021000-7f2254000000 ---p 00000000 00:00 0 
7f2254000000-7f2254021000 rw-p 00000000 00:00 0 
7f2254021000-7f2258000000 ---p 00000000 00:00 0 
7f2258000000-7f2258021000 rw-p 00000000 00:00 0 
7f2258021000-7f225c000000 ---p 00000000 00:00 0 
7f225c000000-7f225c021000 rw-p 00000000 00:00 0 
7f225c021000-7f2260000000 ---p 00000000 00:00 0 
7f2260000000-7f2260026000 rw-p 00000000 00:00 0 
7f2260026000-7f2264000000 ---p 00000000 00:00 0 
7f2264011000-7f2264013000 r-xp 00000000 fe:00 402245                     /usr/lib/jvm/jdk-21.0.12/lib/libextnet.so
7f2264013000-7f2264014000 r--p 00001000 fe:00 402245                     /usr/lib/jvm/jdk-21.0.12/lib/libextnet.so
7f2264014000-7f2264015000 rw-p 00002000 fe:00 402245                     /usr/lib/jvm/jdk-21.0.12/lib/libextnet.so
7f2264015000-7f226401b000 r-xp 00000000 fe:00 402265                     /usr/lib/jvm/jdk-21.0.12/lib/libmanagement_ext.so
7f226401b000-7f226401c000 r--p 00005000 fe:00 402265                     /usr/lib/jvm/jdk-21.0.12/lib/libmanagement_ext.so
7f226401c000-7f226401d000 rw-p 00006000 fe:00 402265                     /usr/lib/jvm/jdk-21.0.12/lib/libmanagement_ext.so
7f226401d000-7f2264020000 r--p 00000000 00:25 17958                      /usr/lib/x86_64-linux-gnu/libgcc_s.so.1
7f2264020000-7f2264037000 r-xp 00003000 00:25 17958                      /usr/lib/x86_64-linux-gnu/libgcc_s.so.1
7f2264037000-7f226403b000 r--p 0001a000 00:25 17958                      /usr/lib/x86_64-linux-gnu/libgcc_s.so.1
7f226403b000-7f226403c000 r--p 0001d000 00:25 17958                      /usr/lib/x86_64-linux-gnu/libgcc_s.so.1
7f226403c000-7f226403d000 rw-p 0001e000 00:25 17958                      /usr/lib/x86_64-linux-gnu/libgcc_s.so.1
7f226403d000-7f22640d6000 r--p 00000000 00:25 18224                      /usr/lib/x86_64-linux-gnu/libstdc++.so.6.0.30
7f22640d6000-7f22641d7000 r-xp 00099000 00:25 18224                      /usr/lib/x86_64-linux-gnu/libstdc++.so.6.0.30
7f22641d7000-7f2264246000 r--p 0019a000 00:25 18224                      /usr/lib/x86_64-linux-gnu/libstdc++.so.6.0.30
7f2264246000-7f2264251000 r--p 00209000 00:25 18224                      /usr/lib/x86_64-linux-gnu/libstdc++.so.6.0.30
7f2264251000-7f2264254000 rw-p 00214000 00:25 18224                      /usr/lib/x86_64-linux-gnu/libstdc++.so.6.0.30
7f2264254000-7f2264257000 rw-p 00000000 00:00 0 
7f2264258000-7f226425c000 r-xp 00000000 fe:00 402263                     /usr/lib/jvm/jdk-21.0.12/lib/libmanagement.so
7f226425c000-7f226425d000 r--p 00003000 fe:00 402263                     /usr/lib/jvm/jdk-21.0.12/lib/libmanagement.so
7f226425d000-7f226425e000 rw-p 00004000 fe:00 402263                     /usr/lib/jvm/jdk-21.0.12/lib/libmanagement.so
7f226425e000-7f226426b000 r-xp 00000000 fe:00 402275                     /usr/lib/jvm/jdk-21.0.12/lib/libverify.so
7f226426b000-7f226426d000 r--p 0000c000 fe:00 402275                     /usr/lib/jvm/jdk-21.0.12/lib/libverify.so
7f226426d000-7f226426e000 rw-p 0000e000 fe:00 402275                     /usr/lib/jvm/jdk-21.0.12/lib/libverify.so
7f226426e000-7f226426f000 ---p 00000000 00:00 0 
7f226426f000-7f226436f000 rw-p 00000000 00:00 0 
7f226436f000-7f2264370000 ---p 00000000 00:00 0 
7f2264370000-7f2264374000 ---p 00000000 00:00 0 
7f2264374000-7f2264470000 rw-p 00000000 00:00 0 
7f2264470000-7f2264471000 ---p 00000000 00:00 0 
7f2264471000-7f2264475000 ---p 00000000 00:00 0 
7f2264475000-7f2264571000 rw-p 00000000 00:00 0 
7f2264571000-7f226463f000 r-xp 00000000 fe:00 402260                     /usr/lib/jvm/jdk-21.0.12/lib/libjsvml.so
7f226463f000-7f2264640000 r--p 000cd000 fe:00 402260                     /usr/lib/jvm/jdk-21.0.12/lib/libjsvml.so
7f2264640000-7f2264641000 rw-p 000ce000 fe:00 402260                     /usr/lib/jvm/jdk-21.0.12/lib/libjsvml.so
7f2264641000-7f2264642000 ---p 00000000 00:00 0 
7f2264642000-7f2264646000 ---p 00000000 00:00 0 
7f2264646000-7f2264742000 rw-p 00000000 00:00 0 
7f2264742000-7f2264743000 ---p 00000000 00:00 0 
7f2264743000-7f2264747000 ---p 00000000 00:00 0 
7f2264747000-7f2264843000 rw-p 00000000 00:00 0 
7f2264843000-7f2264844000 ---p 00000000 00:00 0 
7f2264844000-7f2264848000 ---p 00000000 00:00 0 
7f2264848000-7f2264944000 rw-p 00000000 00:00 0 
7f2264944000-7f2264945000 ---p 00000000 00:00 0 
7f2264945000-7f2264949000 ---p 00000000 00:00 0 
7f2264949000-7f2264a45000 rw-p 00000000 00:00 0 
7f2264a45000-7f2264a46000 ---p 00000000 00:00 0 
7f2264a46000-7f2264a4a000 ---p 00000000 00:00 0 
7f2264a4a000-7f2264b46000 rw-p 00000000 00:00 0 
7f2264b46000-7f2264b47000 ---p 00000000 00:00 0 
7f2264b47000-7f2264b4b000 ---p 00000000 00:00 0 
7f2264b4b000-7f2264c47000 rw-p 00000000 00:00 0 
7f2264c47000-7f2264c48000 ---p 00000000 00:00 0 
7f2264c48000-7f2264c4c000 ---p 00000000 00:00 0 
7f2264c4c000-7f2264d48000 rw-p 00000000 00:00 0 
7f2264d48000-7f2264d9f000 r--p 00000000 00:25 13882                      /usr/lib/locale/C.utf8/LC_CTYPE
7f2264d9f000-7f2264da0000 ---p 00000000 00:00 0 
7f2264da0000-7f2264ea0000 rw-p 00000000 00:00 0 
7f2264ea0000-7f2264ea1000 ---p 00000000 00:00 0 
7f2264ea1000-7f22650be000 rw-p 00000000 00:00 0 
7f22650be000-7f22650bf000 ---p 00000000 00:00 0 
7f22650bf000-7f22651bf000 rw-p 00000000 00:00 0 
7f22651bf000-7f22651c0000 ---p 00000000 00:00 0 
7f22651c0000-7f22674c2000 rw-p 00000000 00:00 0 
7f22674c2000-7f22674c3000 ---p 00000000 00:00 0 
7f22674c3000-7f22675c3000 rw-p 00000000 00:00 0 
7f22675c3000-7f22675c4000 ---p 00000000 00:00 0 
7f22675c4000-7f2267be4000 rw-p 00000000 00:00 0 
7f2267be4000-7f22686b4000 ---p 00000000 00:00 0 
7f22686b4000-7f2268768000 rw-p 00000000 00:00 0 
7f2268768000-7f22688c2000 ---p 00000000 00:00 0 
7f22688c2000-7f2268968000 rw-p 00000000 00:00 0 
7f2268968000-7f2268ac2000 ---p 00000000 00:00 0 
7f2268ac2000-7f2268ac4000 rw-p 00000000 00:00 0 
7f2268ac4000-7f22693a4000 rwxp 00000000 00:00 0 
7f22693a4000-7f226fffc000 ---p 00000000 00:00 0 
7f226fffc000-7f227026c000 rwxp 00000000 00:00 0 
7f227026c000-7f227058b000 ---p 00000000 00:00 0 
7f227058b000-7f227097b000 rwxp 00000000 00:00 0 
7f227097b000-7f2277ac4000 ---p 00000000 00:00 0 
7f2277ac4000-7f2280000000 r--s 00000000 fe:00 402277                     /usr/lib/jvm/jdk-21.0.12/lib/modules
7f2280000000-7f228139a000 rw-p 00000000 00:00 0 
7f228139a000-7f2284000000 ---p 00000000 00:00 0 
7f2284001000-7f228400c000 r-xp 00000000 fe:00 402267                     /usr/lib/jvm/jdk-21.0.12/lib/libnet.so
7f228400c000-7f228400d000 ---p 0000b000 fe:00 402267                     /usr/lib/jvm/jdk-21.0.12/lib/libnet.so
7f228400d000-7f228400e000 r--p 0000b000 fe:00 402267                     /usr/lib/jvm/jdk-21.0.12/lib/libnet.so
7f228400e000-7f228400f000 rw-p 0000c000 fe:00 402267                     /usr/lib/jvm/jdk-21.0.12/lib/libnet.so
7f228400f000-7f2284022000 r-xp 00000000 fe:00 402268                     /usr/lib/jvm/jdk-21.0.12/lib/libnio.so
7f2284022000-7f2284023000 ---p 00013000 fe:00 402268                     /usr/lib/jvm/jdk-21.0.12/lib/libnio.so
7f2284023000-7f2284024000 r--p 00013000 fe:00 402268                     /usr/lib/jvm/jdk-21.0.12/lib/libnio.so
7f2284024000-7f2284025000 rw-p 00014000 fe:00 402268                     /usr/lib/jvm/jdk-21.0.12/lib/libnio.so
7f2284025000-7f228402c000 r-xp 00000000 fe:00 402276                     /usr/lib/jvm/jdk-21.0.12/lib/libzip.so
7f228402c000-7f228402d000 ---p 00007000 fe:00 402276                     /usr/lib/jvm/jdk-21.0.12/lib/libzip.so
7f228402d000-7f228402e000 r--p 00007000 fe:00 402276                     /usr/lib/jvm/jdk-21.0.12/lib/libzip.so
7f228402e000-7f228402f000 rw-p 00008000 fe:00 402276                     /usr/lib/jvm/jdk-21.0.12/lib/libzip.so
7f228402f000-7f2284030000 r--p 00000000 00:25 13888                      /usr/lib/locale/C.utf8/LC_NUMERIC
7f2284030000-7f2284031000 r--p 00000000 00:25 13891                      /usr/lib/locale/C.utf8/LC_TIME
7f2284031000-7f2284032000 r--p 00000000 00:25 13881                      /usr/lib/locale/C.utf8/LC_COLLATE
7f2284032000-7f2284033000 r--p 00000000 00:25 13886                      /usr/lib/locale/C.utf8/LC_MONETARY
7f2284033000-7f2284034000 r--p 00000000 00:25 13885                      /usr/lib/locale/C.utf8/LC_MESSAGES/SYS_LC_MESSAGES
7f2284034000-7f2284035000 r--p 00000000 00:25 13889                      /usr/lib/locale/C.utf8/LC_PAPER
7f2284035000-7f2284036000 r--p 00000000 00:25 13887                      /usr/lib/locale/C.utf8/LC_NAME
7f2284036000-7f228403d000 r--s 00000000 00:25 17572                      /usr/lib/x86_64-linux-gnu/gconv/gconv-modules.cache
7f228403d000-7f228403e000 ---p 00000000 00:00 0 
7f228403e000-7f228436b000 rw-p 00000000 00:00 0 
7f228436b000-7f228444e000 ---p 00000000 00:00 0 
7f228444e000-7f2284460000 rw-p 00000000 00:00 0 
7f2284460000-7f2284539000 ---p 00000000 00:00 0 
7f2284539000-7f228453e000 rw-p 00000000 00:00 0 
7f228453e000-7f2284545000 ---p 00000000 00:00 0 
7f2284545000-7f228454d000 rw-s 00000000 fe:00 404298                     /tmp/hsperfdata_root/11397
7f228454d000-7f228456d000 r-xp 00000000 fe:00 402252                     /usr/lib/jvm/jdk-21.0.12/lib/libjava.so
7f228456d000-7f228456e000 ---p 00020000 fe:00 402252                     /usr/lib/jvm/jdk-21.0.12/lib/libjava.so
7f228456e000-7f228456f000 r--p 00020000 fe:00 402252                     /usr/lib/jvm/jdk-21.0.12/lib/libjava.so
7f228456f000-7f2284570000 rw-p 00021000 fe:00 402252                     /usr/lib/jvm/jdk-21.0.12/lib/libjava.so
7f2284570000-7f2284571000 rw-p 00000000 00:00 0 
7f2284571000-7f228457b000 r-xp 00000000 fe:00 402247                     /usr/lib/jvm/jdk-21.0.12/lib/libinstrument.so
7f228457b000-7f228457c000 ---p 0000a000 fe:00 402247                     /usr/lib/jvm/jdk-21.0.12/lib/libinstrument.so
7f228457c000-7f228457d000 r--p 0000a000 fe:00 402247                     /usr/lib/jvm/jdk-21.0.12/lib/libinstrument.so
7f228457d000-7f228457e000 rw-p 0000b000 fe:00 402247                     /usr/lib/jvm/jdk-21.0.12/lib/libinstrument.so
7f228457e000-7f228459e000 r-xp 00000000 fe:00 402256                     /usr/lib/jvm/jdk-21.0.12/lib/libjimage.so
7f228459e000-7f228459f000 ---p 00020000 fe:00 402256                     /usr/lib/jvm/jdk-21.0.12/lib/libjimage.so
7f228459f000-7f22845a1000 r--p 00020000 fe:00 402256                     /usr/lib/jvm/jdk-21.0.12/lib/libjimage.so
7f22845a1000-7f22845a2000 rw-p 00022000 fe:00 402256                     /usr/lib/jvm/jdk-21.0.12/lib/libjimage.so
7f22845a2000-7f22845a6000 ---p 00000000 00:00 0 
7f22845a6000-7f22846a2000 rw-p 00000000 00:00 0 
7f22846a2000-7f22846b2000 r--p 00000000 00:25 18057                      /usr/lib/x86_64-linux-gnu/libm.so.6
7f22846b2000-7f2284726000 r-xp 00010000 00:25 18057                      /usr/lib/x86_64-linux-gnu/libm.so.6
7f2284726000-7f2284780000 r--p 00084000 00:25 18057                      /usr/lib/x86_64-linux-gnu/libm.so.6
7f2284780000-7f2284781000 r--p 000dd000 00:25 18057                      /usr/lib/x86_64-linux-gnu/libm.so.6
7f2284781000-7f2284782000 rw-p 000de000 00:25 18057                      /usr/lib/x86_64-linux-gnu/libm.so.6
7f2284782000-7f2284783000 r--p 00000000 00:25 18172                      /usr/lib/x86_64-linux-gnu/librt.so.1
7f2284783000-7f2284784000 r-xp 00001000 00:25 18172                      /usr/lib/x86_64-linux-gnu/librt.so.1
7f2284784000-7f2284785000 r--p 00002000 00:25 18172                      /usr/lib/x86_64-linux-gnu/librt.so.1
7f2284785000-7f2284786000 r--p 00002000 00:25 18172                      /usr/lib/x86_64-linux-gnu/librt.so.1
7f2284786000-7f2284787000 rw-p 00003000 00:25 18172                      /usr/lib/x86_64-linux-gnu/librt.so.1
7f2284787000-7f2285afd000 r-xp 00000000 fe:00 402285                     /usr/lib/jvm/jdk-21.0.12/lib/server/libjvm.so
7f2285afd000-7f2285afe000 ---p 01376000 fe:00 402285                     /usr/lib/jvm/jdk-21.0.12/lib/server/libjvm.so
7f2285afe000-7f2285bd1000 r--p 01376000 fe:00 402285                     /usr/lib/jvm/jdk-21.0.12/lib/server/libjvm.so
7f2285bd1000-7f2285c00000 rw-p 01449000 fe:00 402285                     /usr/lib/jvm/jdk-21.0.12/lib/server/libjvm.so
7f2285c00000-7f2285c6a000 rw-p 00000000 00:00 0 
7f2285c6a000-7f2285c90000 r--p 00000000 00:25 17847                      /usr/lib/x86_64-linux-gnu/libc.so.6
7f2285c90000-7f2285de6000 r-xp 00026000 00:25 17847                      /usr/lib/x86_64-linux-gnu/libc.so.6
7f2285de6000-7f2285e39000 r--p 0017c000 00:25 17847                      /usr/lib/x86_64-linux-gnu/libc.so.6
7f2285e39000-7f2285e3d000 r--p 001cf000 00:25 17847                      /usr/lib/x86_64-linux-gnu/libc.so.6
7f2285e3d000-7f2285e3f000 rw-p 001d3000 00:25 17847                      /usr/lib/x86_64-linux-gnu/libc.so.6
7f2285e3f000-7f2285e4c000 rw-p 00000000 00:00 0 
7f2285e4c000-7f2285e4d000 r--p 00000000 00:25 17896                      /usr/lib/x86_64-linux-gnu/libdl.so.2
7f2285e4d000-7f2285e4e000 r-xp 00001000 00:25 17896                      /usr/lib/x86_64-linux-gnu/libdl.so.2
7f2285e4e000-7f2285e4f000 r--p 00002000 00:25 17896                      /usr/lib/x86_64-linux-gnu/libdl.so.2
7f2285e4f000-7f2285e50000 r--p 00002000 00:25 17896                      /usr/lib/x86_64-linux-gnu/libdl.so.2
7f2285e50000-7f2285e51000 rw-p 00003000 00:25 17896                      /usr/lib/x86_64-linux-gnu/libdl.so.2
7f2285e51000-7f2285e52000 r--p 00000000 00:25 18147                      /usr/lib/x86_64-linux-gnu/libpthread.so.0
7f2285e52000-7f2285e53000 r-xp 00001000 00:25 18147                      /usr/lib/x86_64-linux-gnu/libpthread.so.0
7f2285e53000-7f2285e54000 r--p 00002000 00:25 18147                      /usr/lib/x86_64-linux-gnu/libpthread.so.0
7f2285e54000-7f2285e55000 r--p 00002000 00:25 18147                      /usr/lib/x86_64-linux-gnu/libpthread.so.0
7f2285e55000-7f2285e56000 rw-p 00003000 00:25 18147                      /usr/lib/x86_64-linux-gnu/libpthread.so.0
7f2285e56000-7f2285e65000 r-xp 00000000 fe:00 402257                     /usr/lib/jvm/jdk-21.0.12/lib/libjli.so
7f2285e65000-7f2285e66000 r--p 0000e000 fe:00 402257                     /usr/lib/jvm/jdk-21.0.12/lib/libjli.so
7f2285e66000-7f2285e67000 rw-p 0000f000 fe:00 402257                     /usr/lib/jvm/jdk-21.0.12/lib/libjli.so
7f2285e67000-7f2285e6a000 r--p 00000000 00:25 1006                       /usr/lib/x86_64-linux-gnu/libz.so.1.2.13
7f2285e6a000-7f2285e7d000 r-xp 00003000 00:25 1006                       /usr/lib/x86_64-linux-gnu/libz.so.1.2.13
7f2285e7d000-7f2285e84000 r--p 00016000 00:25 1006                       /usr/lib/x86_64-linux-gnu/libz.so.1.2.13
7f2285e84000-7f2285e85000 r--p 0001c000 00:25 1006                       /usr/lib/x86_64-linux-gnu/libz.so.1.2.13
7f2285e85000-7f2285e86000 rw-p 0001d000 00:25 1006                       /usr/lib/x86_64-linux-gnu/libz.so.1.2.13
7f2285e86000-7f2285e87000 r--p 00000000 00:25 13880                      /usr/lib/locale/C.utf8/LC_ADDRESS
7f2285e87000-7f2285e88000 r--p 00000000 00:25 13890                      /usr/lib/locale/C.utf8/LC_TELEPHONE
7f2285e88000-7f2285e89000 r--p 00000000 00:25 13884                      /usr/lib/locale/C.utf8/LC_MEASUREMENT
7f2285e89000-7f2285e8a000 r--p 00000000 00:25 13883                      /usr/lib/locale/C.utf8/LC_IDENTIFICATION
7f2285e8a000-7f2285e8b000 ---p 00000000 00:00 0 
7f2285e8b000-7f2285e8c000 r--p 00000000 00:00 0 
7f2285e8c000-7f2285e8d000 ---p 00000000 00:00 0 
7f2285e8d000-7f2285e8f000 rw-p 00000000 00:00 0 
7f2285e8f000-7f2285e90000 r--p 00000000 00:25 17633                      /usr/lib/x86_64-linux-gnu/ld-linux-x86-64.so.2
7f2285e90000-7f2285eb6000 r-xp 00001000 00:25 17633                      /usr/lib/x86_64-linux-gnu/ld-linux-x86-64.so.2
7f2285eb6000-7f2285ec0000 r--p 00027000 00:25 17633                      /usr/lib/x86_64-linux-gnu/ld-linux-x86-64.so.2
7f2285ec0000-7f2285ec2000 r--p 00031000 00:25 17633                      /usr/lib/x86_64-linux-gnu/ld-linux-x86-64.so.2
7f2285ec2000-7f2285ec4000 rw-p 00033000 00:25 17633                      /usr/lib/x86_64-linux-gnu/ld-linux-x86-64.so.2
7fffb1859000-7fffb187a000 rw-p 00000000 00:00 0                          [stack]
7fffb19f5000-7fffb19f8000 r--p 00000000 00:00 0                          [vvar]
7fffb19f8000-7fffb19fa000 r-xp 00000000 00:00 0                          [vdso]
ffffffffff600000-ffffffffff601000 r-xp 00000000 00:00 0                  [vsyscall]
Total number of mappings: 309


VM Arguments:
jvm_args: -XX:MaxMetaspaceSize=512m --add-opens=java.base/java.util=ALL-UNNAMED --add-opens=java.base/java.lang=ALL-UNNAMED --add-opens=java.base/java.lang.invoke=ALL-UNNAMED --add-opens=java.prefs/java.util.prefs=ALL-UNNAMED --add-exports=jdk.compiler/com.sun.tools.javac.api=ALL-UNNAMED --add-exports=jdk.compiler/com.sun.tools.javac.util=ALL-UNNAMED --add-opens=java.base/java.nio.charset=ALL-UNNAMED --add-opens=java.base/java.net=ALL-UNNAMED --add-opens=java.base/java.util.concurrent.atomic=ALL-UNNAMED -Xmx1G -Dfile.encoding=UTF-8 -Duser.country -Duser.language=en -Duser.variant -javaagent:/root/.gradle/wrapper/dists/gradle-8.10-bin/deqhafrv1ntovfmgh0nh3npr9/gradle-8.10/lib/agents/gradle-instrumentation-agent-8.10.jar 
java_command: org.gradle.launcher.daemon.bootstrap.GradleDaemon 8.10
java_class_path (initial): /root/.gradle/wrapper/dists/gradle-8.10-bin/deqhafrv1ntovfmgh0nh3npr9/gradle-8.10/lib/gradle-daemon-main-8.10.jar
Launcher Type: SUN_STANDARD

[Global flags]
     intx CICompilerCount                          = 2                                         {product} {ergonomic}
   size_t CompressedClassSpaceSize                 = 436207616                                 {product} {ergonomic}
     uint ConcGCThreads                            = 1                                         {product} {ergonomic}
     uint G1ConcRefinementThreads                  = 2                                         {product} {ergonomic}
   size_t G1HeapRegionSize                         = 1048576                                   {product} {ergonomic}
    uintx GCDrainStackTargetSize                   = 64                                        {product} {ergonomic}
   size_t InitialHeapSize                          = 33554432                                  {product} {ergonomic}
   size_t MarkStackSize                            = 4194304                                   {product} {ergonomic}
   size_t MaxHeapSize                              = 1073741824                                {product} {command line}
   size_t MaxMetaspaceSize                         = 536870912                                 {product} {command line}
   size_t MaxNewSize                               = 643825664                                 {product} {ergonomic}
   size_t MinHeapDeltaBytes                        = 1048576                                   {product} {ergonomic}
   size_t MinHeapSize                              = 8388608                                   {product} {ergonomic}
    uintx NonNMethodCodeHeapSize                   = 5826188                                {pd product} {ergonomic}
    uintx NonProfiledCodeHeapSize                  = 122916026                              {pd product} {ergonomic}
    uintx ProfiledCodeHeapSize                     = 122916026                              {pd product} {ergonomic}
    uintx ReservedCodeCacheSize                    = 251658240                              {pd product} {ergonomic}
     bool SegmentedCodeCache                       = true                                      {product} {ergonomic}
   size_t SoftMaxHeapSize                          = 1073741824                             {manageable} {ergonomic}
     bool UseCompressedOops                        = true                           {product lp64_product} {ergonomic}
     bool UseG1GC                                  = true                                      {product} {ergonomic}

Logging:
Log output configuration:
 #0: stdout all=warning uptime,level,tags foldmultilines=false
 #1: stderr all=off uptime,level,tags foldmultilines=false

Environment Variables:
PATH=/usr/local/sbin:/usr/local/bin:/usr/sbin:/usr/bin:/sbin:/bin
SHELL=/bin/bash
LANG=C.UTF-8
LC_ALL=C.UTF-8
TERM=tmux-256color

Active Locale:
LC_ALL=C.UTF-8
LC_COLLATE=C.UTF-8
LC_CTYPE=C.UTF-8
LC_MESSAGES=C.UTF-8
LC_MONETARY=C.UTF-8
LC_NUMERIC=C.UTF-8
LC_TIME=C.UTF-8

Signal Handlers:
   SIGSEGV: crash_handler in libjvm.so, mask=11100100010111111101111111111110, flags=SA_RESTART|SA_SIGINFO, unblocked
    SIGBUS: crash_handler in libjvm.so, mask=11100100010111111101111111111110, flags=SA_RESTART|SA_SIGINFO, unblocked
    SIGFPE: crash_handler in libjvm.so, mask=11100100010111111101111111111110, flags=SA_RESTART|SA_SIGINFO, unblocked
   SIGPIPE: javaSignalHandler in libjvm.so, mask=11100100010111111101111111111110, flags=SA_RESTART|SA_SIGINFO, unblocked
   SIGXFSZ: javaSignalHandler in libjvm.so, mask=11100100010111111101111111111110, flags=SA_RESTART|SA_SIGINFO, unblocked
    SIGILL: crash_handler in libjvm.so, mask=11100100010111111101111111111110, flags=SA_RESTART|SA_SIGINFO, unblocked
   SIGUSR2: SR_handler in libjvm.so, mask=00100000000000000000000000000000, flags=SA_RESTART|SA_SIGINFO, unblocked
    SIGHUP: UserHandler in libjvm.so, mask=11100100010111111101111111111110, flags=SA_RESTART|SA_SIGINFO, unblocked
    SIGINT: UserHandler in libjvm.so, mask=11100100010111111101111111111110, flags=SA_RESTART|SA_SIGINFO, unblocked
   SIGTERM: UserHandler in libjvm.so, mask=11100100010111111101111111111110, flags=SA_RESTART|SA_SIGINFO, unblocked
   SIGQUIT: UserHandler in libjvm.so, mask=11100100010111111101111111111110, flags=SA_RESTART|SA_SIGINFO, unblocked
   SIGTRAP: crash_handler in libjvm.so, mask=11100100010111111101111111111110, flags=SA_RESTART|SA_SIGINFO, unblocked


Periodic native trim disabled

---------------  S Y S T E M  ---------------

OS:
PRETTY_NAME="Debian GNU/Linux 12 (bookworm)"
NAME="Debian GNU/Linux"
VERSION_ID="12"
VERSION="12 (bookworm)"
VERSION_CODENAME=bookworm
ID=debian
HOME_URL="https://www.debian.org/"
SUPPORT_URL="https://www.debian.org/support"
BUG_REPORT_URL="https://bugs.debian.org/"
uname: Linux 4.19.91-c8dfc93.al7.x86_64 #1 SMP Tue Sep 26 10:25:51 UTC 2023 x86_64
OS uptime: 0 days 1:22 hours
libc: glibc 2.36 NPTL 2.36 
rlimit (soft/hard): STACK 8192k/infinity , CORE 0k/0k , NPROC 100000/100000 , NOFILE 100000/100000 , AS infinity/infinity , CPU infinity/infinity , DATA infinity/infinity , FSIZE infinity/infinity , MEMLOCK 64k/64k
load average: 1.68 0.55 0.33

/proc/meminfo:
MemTotal:        2152516 kB
MemFree:           30304 kB
MemAvailable:      18696 kB
Buffers:             404 kB
Cached:            28256 kB
SwapCached:            0 kB
Active:          2027600 kB
Inactive:          15244 kB
Active(anon):    2014268 kB
Inactive(anon):       16 kB
Active(file):      13332 kB
Inactive(file):    15228 kB
Unevictable:           0 kB
Mlocked:               0 kB
SwapTotal:             0 kB
SwapFree:              0 kB
Dirty:                88 kB
Writeback:             0 kB
AnonPages:       2012224 kB
Mapped:            18924 kB
Shmem:                36 kB
Slab:              28796 kB
SReclaimable:      15660 kB
SUnreclaim:        13136 kB
KernelStack:        3280 kB
PageTables:         6036 kB
NFS_Unstable:          0 kB
Bounce:                0 kB
WritebackTmp:          0 kB
CommitLimit:     1076256 kB
Committed_AS:    2169300 kB
VmallocTotal:   34359738367 kB
VmallocUsed:           0 kB
VmallocChunk:          0 kB
Percpu:              384 kB
AnonHugePages:    399360 kB
ShmemHugePages:        0 kB
ShmemPmdMapped:        0 kB
HugePages_Total:       0
HugePages_Free:        0
HugePages_Rsvd:        0
HugePages_Surp:        0
Hugepagesize:       2048 kB
Hugetlb:               0 kB
DirectMap4k:        8192 kB
DirectMap2M:     2523136 kB
DirectMap1G:           0 kB

/sys/kernel/mm/transparent_hugepage/enabled: [always] madvise never
/sys/kernel/mm/transparent_hugepage/defrag (defrag/compaction efforts parameter): always defer defer+madvise madvise [never]

Process Memory:
Virtual Size: 2935360K (peak: 3059604K)
Resident Set Size: 513256K (peak: 513256K) (anon: 503540K, file: 9716K, shmem: 0K)
Swapped out: 0K
C-Heap outstanding allocations: 62145K, retained: 49766K
glibc malloc tunables: (default)

/proc/sys/kernel/threads-max (system-wide limit on the number of threads): 1129
/proc/sys/vm/max_map_count (maximum number of memory map areas a process may have): 65530
/proc/sys/kernel/pid_max (system-wide limit on number of process identifiers): 32768

container (cgroup) information:
container_type: cgroupv1
cpu_cpuset_cpus: 0-1
cpu_memory_nodes: 0
active_processor_count: 2
cpu_quota: no quota
cpu_period: 100000
cpu_shares: 12288
cpu_usage_in_micros: 1124957232
memory_limit_in_bytes: 2097152 k
memory_and_swap_limit_in_bytes: unlimited
memory_soft_limit_in_bytes: unlimited
memory_throttle_limit_in_bytes: not supported
memory_usage_in_bytes: 2057304 k
memory_max_usage_in_bytes: 2059972 k
rss_usage_in_bytes: 2003444 k
cache_usage_in_bytes: 28496 k
kernel_memory_limit_in_bytes: unlimited
kernel_memory_usage_in_bytes: 25060 k
kernel_memory_max_usage_in_bytes: 122008 k
maximum number of tasks: unlimited
current number of tasks: 128

KVM virtualization detected
Steal ticks since vm start: 2863
Steal ticks percentage since vm start:  0.459

CPU: total 2 (initial active 2) (2 cores per cpu, 1 threads per core) family 6 model 85 stepping 7 microcode 0x1, cx8, cmov, fxsr, mmx, 3dnowpref, sse, sse2, sse3, ssse3, sse4.1, sse4.2, popcnt, lzcnt, tsc, tscinvbit, avx, avx2, aes, erms, clmul, bmi1, bmi2, adx, avx512f, avx512dq, avx512cd, avx512bw, avx512vl, fma, vzeroupper, avx512_vnni, clflush, clflushopt, clwb, hv, rdtscp, f16c
CPU Model and flags from /proc/cpuinfo:
model name	: Intel(R) Xeon(R) Processor @ 2.50GHz
flags		: fpu vme de pse tsc msr pae mce cx8 apic sep mtrr pge mca cmov pat pse36 clflush mmx fxsr sse sse2 ss ht syscall nx pdpe1gb rdtscp lm constant_tsc rep_good nopl xtopology nonstop_tsc cpuid tsc_known_freq pni pclmulqdq ssse3 fma cx16 pcid sse4_1 sse4_2 x2apic movbe popcnt tsc_deadline_timer aes xsave avx f16c rdrand hypervisor lahf_lm abm 3dnowprefetch cpuid_fault invpcid_single ssbd ibrs ibpb stibp ibrs_enhanced fsgsbase tsc_adjust bmi1 avx2 smep bmi2 erms invpcid mpx avx512f avx512dq rdseed adx smap clflushopt clwb avx512cd avx512bw avx512vl xsaveopt xsavec xgetbv1 xsaves umip avx512_vnni md_clear arch_capabilities

Online cpus: 0-1
Offline cpus: 
BIOS frequency limitation: <Not Available>
Frequency switch latency (ns): <Not Available>
Available cpu frequencies: <Not Available>
Current governor: <Not Available>
Core performance/turbo boost: <Not Available>

Memory: 4k page, physical 2097152k(39848k free), swap 0k(0k free)
Page Sizes: 4k

vm_info: Java HotSpot(TM) 64-Bit Server VM (21.0.12+7-LTS-205) for linux-amd64 JRE (21.0.12+7-LTS-205), built on 2026-06-02T04:23:32Z by "mach5run" with gcc 14.2.0

END.
